1,2008/2/2 13:30,116.31412,39.89454
2,2008/2/2 13:34,116.32674,39.89577
3,2008/2/2 13:38,116.34335,39.89605
4,2008/2/2 13:41,116.35079,39.89943
5,2008/2/2 13:45,116.36919,39.90568
6,2008/2/2 13:49,116.38595,39.90598
7,2008/2/2 13:52,116.39068,39.90614
8,2008/2/2 13:55,116.39547,39.90632
9,2008/2/2 13:58,116.40794,39.90649
10,2008/2/2 14:02,116.42055,39.90412
11,2008/2/2 14:06,116.41233,39.90452
12,2008/2/2 14:09,116.43105,39.90191
13,2008/2/2 14:14,116.48588,39.90803
14,2008/2/2 14:27,116.49063,39.97064
15,2008/2/2 14:31,116.49063,39.97064
16,2008/2/2 14:34,116.49064,39.97064
17,2008/2/2 14:38,116.49064,39.97064
18,2008/2/2 14:41,116.49065,39.97064
19,2008/2/2 14:45,116.49066,39.97066
20,2008/2/2 14:48,116.49066,39.97066
21,2008/2/2 14:52,116.48369,39.96773
22,2008/2/2 14:57,116.46846,39.97439
23,2008/2/2 15:01,116.5075,40.00986
24,2008/2/2 15:05,116.57399,40.04207
25,2008/2/2 15:08,116.5835,40.0609
26,2008/2/2 15:12,116.58568,40.07991
27,2008/2/2 15:16,116.58279,40.07953
28,2008/2/2 15:20,116.58126,40.07091
29,2008/2/2 15:24,116.57085,40.06332
30,2008/2/2 15:28,116.55588,40.06248
31,2008/2/2 15:31,116.54608,40.06102
32,2008/2/2 15:35,116.52863,40.04316
33,2008/2/2 15:39,116.51808,40.0255
34,2008/2/2 15:42,116.49784,40.02202
35,2008/2/2 15:46,116.47054,40.02223
36,2008/2/2 15:49,116.46081,40.02069
37,2008/2/2 15:53,116.46104,40.012
38,2008/2/2 15:57,116.46714,40.00534
39,2008/2/2 16:00,116.46691,39.99993
40,2008/2/2 16:04,116.44831,39.99559
41,2008/2/2 16:07,116.44084,39.99212
42,2008/2/2 16:11,116.41796,39.98757
43,2008/2/2 16:15,116.38557,39.98663
44,2008/2/2 16:19,116.36203,40.0027
45,2008/2/2 16:22,116.35244,40.01585
46,2008/2/2 16:27,116.36372,40.01612
47,2008/2/2 16:43,116.36836,39.9666
48,2008/2/2 16:48,116.34871,39.97024
49,2008/2/2 16:53,116.35925,39.97501
50,2008/2/2 16:58,116.38013,39.97534
51,2008/2/2 17:02,116.38181,39.9847
52,2008/2/2 17:06,116.38065,39.98718
53,2008/2/2 17:10,116.3817,39.98789
54,2008/2/2 17:13,116.38253,39.98894
55,2008/2/2 17:17,116.38136,39.98808
56,2008/2/2 17:21,116.38296,39.98892
57,2008/2/2 17:25,116.38174,39.98511
58,2008/2/2 17:28,116.37993,39.98438
59,2008/2/2 17:32,116.38156,39.97966
60,2008/2/2 17:37,116.37338,39.98444
61,2008/2/2 17:42,116.40147,39.98842
62,2008/2/2 17:46,116.40319,39.99385
63,2008/2/2 17:50,116.38755,39.98689
64,2008/2/2 17:54,116.37417,39.99489
65,2008/2/2 17:59,116.3808,40.0023
66,2008/2/2 18:03,116.40163,40.00183
67,2008/2/2 18:07,116.40133,39.99486
68,2008/2/2 18:11,116.39776,39.99215
69,2008/2/2 18:14,116.40049,39.99354
70,2008/2/2 18:18,116.40187,39.99172
71,2008/2/2 18:21,116.40106,39.98639
72,2008/2/2 18:25,116.40151,39.9956
73,2008/2/2 18:29,116.40188,40.00394
74,2008/2/2 18:32,116.40074,40.00397
75,2008/2/2 18:36,116.40247,40.02035
76,2008/2/2 18:39,116.40599,40.02585
77,2008/2/2 18:43,116.40983,40.00906
78,2008/2/2 18:47,116.40641,39.99762
79,2008/2/2 18:50,116.4013,39.99519
80,2008/2/2 18:54,116.38775,39.9871
81,2008/2/2 18:58,116.38635,39.97151
82,2008/2/2 19:01,116.37737,39.9671
83,2008/2/2 19:04,116.36654,39.96676
84,2008/2/2 19:08,116.36448,39.96686
85,2008/2/2 19:12,116.34184,39.96629
86,2008/2/2 19:16,116.33922,39.96634
87,2008/2/2 19:19,116.33536,39.96635
88,2008/2/2 19:22,116.33094,39.96632
89,2008/2/2 19:26,116.32857,39.96254
90,2008/2/2 19:29,116.33833,39.96606
91,2008/2/2 19:32,116.35534,39.96624
92,2008/2/2 19:36,116.36411,39.96796
93,2008/2/2 19:39,116.36369,39.97711
94,2008/2/2 19:43,116.36336,39.985
95,2008/2/2 19:47,116.36778,39.99196
96,2008/2/2 19:50,116.3679,39.99184
97,2008/2/2 19:54,116.3632,40.00016
98,2008/2/2 19:57,116.35831,40.00429
99,2008/2/2 20:00,116.35826,40.00426
100,2008/2/2 20:04,116.3582,40.00423
101,2008/2/2 20:07,116.3582,40.00422
102,2008/2/2 20:11,116.35824,40.00425
103,2008/2/2 20:14,116.35827,40.00426
104,2008/2/2 20:18,116.35828,40.00426
105,2008/2/2 20:21,116.35829,40.00426
106,2008/2/2 20:29,116.3583,40.00427
107,2008/2/2 20:33,116.3581,40.00415
108,2008/2/2 20:36,116.35889,40.00411
109,2008/2/2 20:39,116.36311,40.00065
110,2008/2/2 20:42,116.37332,39.98251
111,2008/2/2 20:47,116.37303,39.95008
112,2008/2/2 20:50,116.36409,39.94704
113,2008/2/2 20:54,116.35418,39.94363
114,2008/2/2 20:57,116.34947,39.9363
115,2008/2/2 21:01,116.34969,39.93229
116,2008/2/2 21:05,116.34991,39.92679
117,2008/2/2 21:09,116.35013,39.9228
118,2008/2/2 21:13,116.35053,39.91281
119,2008/2/2 21:17,116.35033,39.90501
120,2008/2/2 21:20,116.34217,39.89671
121,2008/2/2 21:30,116.31527,39.90356
122,2008/2/2 21:34,116.32291,39.90513
123,2008/2/2 21:37,116.32281,39.8971
124,2008/2/2 21:47,116.35723,39.89554
125,2008/2/2 21:51,116.35737,39.8887
126,2008/2/2 21:54,116.34701,39.89299
127,2008/2/2 21:59,116.34654,39.90337
128,2008/2/2 22:11,116.3441,39.94318
129,2008/2/2 22:39,116.37853,39.96683
130,2008/2/2 22:44,116.39929,39.95952
131,2008/2/2 22:47,116.40179,39.94725
132,2008/2/2 22:51,116.41912,39.95076
133,2008/2/2 22:55,116.41886,39.95426
134,2008/2/2 22:58,116.41242,39.95759
135,2008/2/2 23:01,116.40272,39.96079
136,2008/2/2 23:05,116.40157,39.94815
137,2008/2/2 23:10,116.34925,39.94157
138,2008/2/2 23:14,116.34934,39.93273
139,2008/2/2 23:17,116.34962,39.92584
140,2008/2/2 23:20,116.35024,39.91668
141,2008/2/2 23:24,116.35017,39.90813
142,2008/2/2 23:28,116.3481,39.89725
143,2008/2/2 23:34,116.31524,39.90504
144,2008/2/2 23:38,116.32935,39.90697
145,2008/2/2 23:45,116.3337,39.90481
146,2008/2/2 23:51,116.35202,39.90579
147,2008/2/2 23:58,116.38754,39.90608
148,2008/2/3 0:02,116.40585,39.90663
149,2008/2/3 0:06,116.41794,39.90677
150,2008/2/3 0:10,116.41845,39.9068
151,2008/2/3 0:15,116.45462,39.90674
152,2008/2/3 0:21,116.48363,39.90344
153,2008/2/3 0:25,116.48491,39.87469
154,2008/2/3 0:28,116.4915,39.87767
155,2008/2/3 0:32,116.46422,39.88306
156,2008/2/3 0:36,116.45173,39.88315
157,2008/2/3 0:39,116.43798,39.89298
158,2008/2/3 0:46,116.42734,39.94672
159,2008/2/3 0:50,116.36579,39.94719
160,2008/2/3 0:54,116.34274,39.94323
161,2008/2/3 1:01,116.33461,39.96081
162,2008/2/3 1:05,116.34913,39.95152
163,2008/2/3 1:10,116.35045,39.90466
164,2008/2/3 1:15,116.32882,39.89084
165,2008/2/3 1:18,116.3301,39.8924
166,2008/2/3 1:21,116.32862,39.89184
167,2008/2/3 1:25,116.32067,39.88853
168,2008/2/3 1:28,116.33032,39.88495
169,2008/2/3 1:32,116.35937,39.88774
170,2008/2/3 1:36,116.36848,39.89361
171,2008/2/3 1:40,116.36763,39.91464
172,2008/2/3 1:56,116.38995,39.93234
173,2008/2/3 2:00,116.39346,39.92248
174,2008/2/3 2:03,116.39649,39.91898
175,2008/2/3 2:18,116.40563,39.90918
176,2008/2/3 2:22,116.40969,39.9148
177,2008/2/3 2:39,116.30427,39.94196
178,2008/2/3 2:43,116.30263,39.95557
179,2008/2/3 2:48,116.31639,39.94738
180,2008/2/3 2:53,116.30414,39.93207
181,2008/2/3 2:57,116.30045,39.89597
182,2008/2/3 3:07,116.24625,39.88843
183,2008/2/3 3:17,116.26819,39.91656
184,2008/2/3 3:21,116.2677,39.90672
185,2008/2/3 3:24,116.28021,39.90616
186,2008/2/3 3:29,116.33598,39.90588
187,2008/2/3 3:39,116.37163,39.91352
188,2008/2/3 3:43,116.37162,39.91352
189,2008/2/3 3:47,116.37165,39.91352
190,2008/2/3 3:58,116.37277,39.94108
191,2008/2/3 4:03,116.39712,39.8321
192,2008/2/3 4:07,116.39584,39.93211
193,2008/2/3 4:13,116.36041,39.93094
194,2008/2/3 4:21,116.36682,39.9327
195,2008/2/3 4:24,116.36639,39.94012
196,2008/2/3 4:28,116.34945,39.93124
197,2008/2/3 4:32,116.35,39.90003
198,2008/2/3 4:36,116.34948,39.88803
199,2008/2/3 4:40,116.36578,39.88162
200,2008/2/3 4:44,116.3645,39.87738
201,2008/2/3 4:47,116.35801,39.86815
202,2008/2/3 4:51,116.35838,39.86166
203,2008/2/3 4:55,116.35249,39.87961
204,2008/2/3 4:58,116.34346,39.87622
205,2008/2/3 5:02,116.33074,39.87217
206,2008/2/3 5:06,116.32057,39.88065
207,2008/2/3 5:14,116.34729,39.88056
208,2008/2/3 5:18,116.36615,39.87715
209,2008/2/3 5:22,116.36779,39.87945
210,2008/2/3 5:25,116.37461,39.87743
211,2008/2/3 5:29,116.35535,39.87417
212,2008/2/3 5:32,116.35776,39.87451
213,2008/2/3 5:37,116.36767,39.87709
214,2008/2/3 5:43,116.36446,39.88788
215,2008/2/3 5:47,116.36895,39.89385
216,2008/2/3 5:51,116.39675,39.90632
217,2008/2/3 5:55,116.42043,39.9069
218,2008/2/3 6:00,116.47129,39.90676
219,2008/2/3 6:04,116.48809,39.91333
220,2008/2/3 6:08,116.49972,39.91466
221,2008/2/3 6:11,116.47646,39.91435
222,2008/2/3 6:15,116.46695,39.92955
223,2008/2/3 6:19,116.45641,39.93254
224,2008/2/3 6:23,116.4325,39.93984
225,2008/2/3 6:27,116.41936,39.93255
226,2008/2/3 6:31,116.40406,39.92598
227,2008/2/3 6:34,116.39079,39.93935
228,2008/2/3 6:38,116.38848,39.93922
229,2008/2/3 6:42,116.38111,39.94325
230,2008/2/3 6:45,116.38132,39.94321
231,2008/2/3 6:48,116.38128,39.94322
232,2008/2/3 6:51,116.38124,39.94325
233,2008/2/3 6:55,116.37847,39.94452
234,2008/2/3 6:58,116.38737,39.95119
235,2008/2/3 7:02,116.37557,39.95326
236,2008/2/3 7:07,116.36721,39.9663
237,2008/2/3 7:10,116.37567,39.97543
238,2008/2/3 7:15,116.37252,39.94855
239,2008/2/3 7:20,116.35046,39.91364
240,2008/2/3 7:26,116.31469,39.89492
241,2008/2/3 7:31,116.34371,39.89579
242,2008/2/3 7:36,116.35512,39.93091
243,2008/2/3 7:42,116.36881,39.93366
244,2008/2/3 7:46,116.37297,39.94097
245,2008/2/3 7:51,116.37308,39.98377
246,2008/2/3 7:55,116.36808,39.99223
247,2008/2/3 8:00,116.36819,39.99223
248,2008/2/3 8:04,116.35931,40.00389
249,2008/2/3 8:08,116.35842,40.00428
250,2008/2/3 8:12,116.35845,40.00428
251,2008/2/3 8:16,116.35838,40.00428
252,2008/2/3 8:20,116.35836,40.00427
253,2008/2/3 8:28,116.35839,40.00428
254,2008/2/3 8:37,116.36872,39.99276
255,2008/2/3 8:41,116.35889,39.99371
256,2008/2/3 8:46,116.33543,40.00659
257,2008/2/3 8:50,116.34619,40.00676
258,2008/2/3 8:54,116.35867,39.99885
259,2008/2/3 8:58,116.37911,39.98635
260,2008/2/3 9:02,116.41668,39.98829
261,2008/2/3 9:07,116.41791,39.98445
262,2008/2/3 9:11,116.41108,39.99747
263,2008/2/3 9:15,116.40613,39.99611
264,2008/2/3 9:19,116.41357,40.01384
265,2008/2/3 9:23,116.41131,40.02023
266,2008/2/3 9:27,116.40631,40.00013
267,2008/2/3 9:31,116.41354,39.99741
268,2008/2/3 9:35,116.41115,39.9971
269,2008/2/3 9:39,116.40132,39.9913
270,2008/2/3 9:43,116.40109,39.97338
271,2008/2/3 9:47,116.40155,39.96092
272,2008/2/3 9:51,116.40192,39.95007
273,2008/2/3 9:55,116.41333,39.94789
274,2008/2/3 9:59,116.45634,39.96343
275,2008/2/3 10:03,116.47137,39.97826
276,2008/2/3 10:07,116.46936,39.96729
277,2008/2/3 10:11,116.48355,39.95118
278,2008/2/3 10:14,116.48347,39.91533
279,2008/2/3 10:18,116.47292,39.91445
280,2008/2/3 10:22,116.46969,39.90936
281,2008/2/3 10:26,116.46361,39.91035
282,2008/2/3 10:30,116.46867,39.90691
283,2008/2/3 10:37,116.4554,39.9191
284,2008/2/3 10:42,116.4485,39.92563
285,2008/2/3 10:46,116.45481,39.93229
286,2008/2/3 10:50,116.457,39.94258
287,2008/2/3 10:53,116.46661,39.95148
288,2008/2/3 10:57,116.46951,39.95776
289,2008/2/3 11:00,116.46668,39.95157
290,2008/2/3 11:04,116.45621,39.9483
291,2008/2/3 11:08,116.45503,39.92773
292,2008/2/3 11:12,116.44902,39.92408
293,2008/2/3 11:15,116.44411,39.92014
294,2008/2/3 11:19,116.4348,39.91369
295,2008/2/3 11:22,116.42897,39.91568
296,2008/2/3 11:26,116.42769,39.93995
297,2008/2/3 11:29,116.42789,39.95816
298,2008/2/3 11:33,116.42286,39.95817
299,2008/2/3 11:36,116.43588,39.9536
300,2008/2/3 11:41,116.44448,39.95874
301,2008/2/3 11:45,116.45111,39.95535
302,2008/2/3 11:49,116.45542,39.93147
303,2008/2/3 11:53,116.45472,39.9072
304,2008/2/3 11:56,116.44472,39.90726
305,2008/2/3 12:00,116.42809,39.90718
306,2008/2/3 12:04,116.41584,39.90705
307,2008/2/3 12:08,116.39375,39.90645
308,2008/2/3 12:14,116.36794,39.90944
309,2008/2/3 12:19,116.37914,39.92116
310,2008/2/3 12:24,116.39285,39.92196
311,2008/2/3 12:28,116.41482,39.92294
312,2008/2/3 12:33,116.4286,39.92471
313,2008/2/3 12:36,116.42767,39.94449
314,2008/2/3 12:39,116.44851,39.94985
315,2008/2/3 12:42,116.45294,39.95257
316,2008/2/3 12:46,116.46191,39.95523
317,2008/2/3 12:50,116.47666,39.95545
318,2008/2/3 12:53,116.47665,39.95545
319,2008/2/3 12:57,116.47665,39.95545
320,2008/2/3 13:00,116.47665,39.95545
321,2008/2/3 13:03,116.47665,39.95545
322,2008/2/3 13:06,116.47665,39.95545
323,2008/2/3 13:10,116.47664,39.95545
324,2008/2/3 13:13,116.4736,39.95384
325,2008/2/3 13:17,116.45783,39.94886
326,2008/2/3 13:21,116.44828,39.95641
327,2008/2/3 13:24,116.42384,39.96806
328,2008/2/3 13:27,116.40985,39.96764
329,2008/2/3 13:31,116.38284,39.96711
330,2008/2/3 13:45,116.35079,39.96369
331,2008/2/3 13:49,116.3508,39.9637
332,2008/2/3 13:52,116.3508,39.96372
333,2008/2/3 13:56,116.3508,39.96373
334,2008/2/3 13:59,116.35079,39.96372
335,2008/2/3 14:02,116.35076,39.96383
336,2008/2/3 14:06,116.35076,39.96383
337,2008/2/3 14:10,116.35066,39.9635
338,2008/2/3 14:14,116.35075,39.96357
339,2008/2/3 14:17,116.3503,39.96243
340,2008/2/3 14:21,116.35068,39.96351
341,2008/2/3 14:24,116.35071,39.96356
342,2008/2/3 14:28,116.35087,39.96355
343,2008/2/3 14:31,116.35083,39.96359
344,2008/2/3 14:34,116.35057,39.96332
345,2008/2/3 14:38,116.3506,39.96339
346,2008/2/3 14:41,116.35064,39.96344
347,2008/2/3 14:45,116.35065,39.96347
348,2008/2/3 14:48,116.35077,39.96382
349,2008/2/3 14:51,116.35092,39.96384
350,2008/2/3 14:55,116.35068,39.96346
351,2008/2/3 14:59,116.35072,39.96353
352,2008/2/3 15:02,116.35073,39.96355
353,2008/2/3 15:05,116.35075,39.96357
354,2008/2/3 15:08,116.3484,39.97006
355,2008/2/3 15:13,116.36214,39.98586
356,2008/2/3 15:18,116.42455,39.98767
357,2008/2/3 15:22,116.45018,39.98112
358,2008/2/3 15:25,116.45856,39.98392
359,2008/2/3 15:28,116.46405,39.97179
360,2008/2/3 15:31,116.44705,39.958
361,2008/2/3 15:35,116.41536,39.96788
362,2008/2/3 15:38,116.3909,39.96738
363,2008/2/3 15:41,116.36427,39.96681
364,2008/2/3 15:45,116.36493,39.95381
365,2008/2/3 15:48,116.36181,39.94633
366,2008/2/3 15:52,116.34912,39.94017
367,2008/2/3 15:56,116.34937,39.93564
368,2008/2/3 16:00,116.35089,39.9273
369,2008/2/3 16:03,116.34271,39.92207
370,2008/2/3 16:06,116.32316,39.92198
371,2008/2/3 16:10,116.31634,39.92234
372,2008/2/3 16:13,116.31628,39.92225
373,2008/2/3 16:17,116.30821,39.92285
374,2008/2/3 16:23,116.29543,39.92922
375,2008/2/3 16:27,116.29563,39.94009
376,2008/2/3 16:30,116.30434,39.9403
377,2008/2/3 16:34,116.30342,39.95354
378,2008/2/3 16:38,116.32735,39.96613
379,2008/2/3 16:42,116.35954,39.96617
380,2008/2/3 16:47,116.37437,39.96664
381,2008/2/3 16:55,116.41428,39.98204
382,2008/2/3 16:59,116.43003,39.9822
383,2008/2/3 17:02,116.41814,39.98463
384,2008/2/3 17:06,116.41699,39.98735
385,2008/2/3 17:09,116.38656,39.98673
386,2008/2/3 17:18,116.33399,39.99205
387,2008/2/3 17:21,116.33384,39.99325
388,2008/2/3 17:25,116.32863,39.99225
389,2008/2/3 17:29,116.32677,39.98876
390,2008/2/3 17:33,116.35822,39.98573
391,2008/2/3 17:38,116.37302,39.95943
392,2008/2/3 17:42,116.3731,39.95188
393,2008/2/3 17:45,116.37273,39.95011
394,2008/2/3 17:48,116.37307,39.93804
395,2008/2/3 17:52,116.37375,39.93272
396,2008/2/3 17:58,116.38812,39.93196
397,2008/2/3 18:01,116.39333,39.92246
398,2008/2/3 18:05,116.40452,39.92089
399,2008/2/3 18:08,116.40397,39.9172
400,2008/2/3 18:11,116.40445,39.91716
401,2008/2/3 18:14,116.40399,39.92589
402,2008/2/3 18:18,116.40243,39.9362
403,2008/2/3 18:21,116.40203,39.94491
404,2008/2/3 18:25,116.41863,39.94787
405,2008/2/3 18:28,116.41017,39.94952
406,2008/2/3 18:32,116.40186,39.95284
407,2008/2/3 18:35,116.40173,39.95656
408,2008/2/3 18:39,116.39926,39.95871
409,2008/2/3 18:42,116.38884,39.95807
410,2008/2/3 18:46,116.38408,39.96705
411,2008/2/3 18:49,116.3651,39.96671
412,2008/2/3 18:54,116.33696,39.96651
413,2008/2/3 18:58,116.33189,39.97485
414,2008/2/3 19:06,116.34689,39.97501
415,2008/2/3 19:10,116.33809,39.9665
416,2008/2/3 19:13,116.33319,39.96726
417,2008/2/3 19:17,116.32968,39.96638
418,2008/2/3 19:23,116.33038,39.94948
419,2008/2/3 19:26,116.34311,39.9431
420,2008/2/3 19:29,116.34604,39.93966
421,2008/2/3 19:33,116.347,39.93864
422,2008/2/3 19:36,116.35023,39.93854
423,2008/2/3 19:48,116.3583,39.98546
424,2008/2/3 19:51,116.36312,39.99064
425,2008/2/3 19:54,116.36785,39.99203
426,2008/2/3 19:58,116.36242,39.99701
427,2008/2/3 20:01,116.36153,40.00104
428,2008/2/3 20:04,116.35846,40.00444
429,2008/2/3 20:07,116.35844,40.00442
430,2008/2/3 20:11,116.35846,40.00443
431,2008/2/3 20:14,116.35846,40.00442
432,2008/2/3 20:17,116.35844,40.00441
433,2008/2/3 20:21,116.35843,40.0044
434,2008/2/3 20:24,116.35842,40.00439
435,2008/2/3 20:27,116.35841,40.00439
436,2008/2/3 20:30,116.35841,40.00439
437,2008/2/3 20:33,116.35841,40.00439
438,2008/2/3 20:41,116.35841,40.00438
439,2008/2/3 20:44,116.35841,40.00438
440,2008/2/3 20:47,116.35842,40.00438
441,2008/2/3 20:51,116.35842,40.00438
442,2008/2/3 20:54,116.35842,40.00438
443,2008/2/3 20:57,116.35842,40.00438
444,2008/2/3 21:00,116.35841,40.00438
445,2008/2/3 21:04,116.35841,40.00438
446,2008/2/3 21:07,116.35841,40.00438
447,2008/2/3 21:11,116.35841,40.00437
448,2008/2/3 21:14,116.35841,40.00437
449,2008/2/3 21:17,116.3584,40.00437
450,2008/2/3 21:20,116.3584,40.00437
451,2008/2/3 21:24,116.3584,40.00437
452,2008/2/3 21:27,116.35839,40.00437
453,2008/2/3 21:30,116.36054,40.00405
454,2008/2/3 21:34,116.36056,40.00405
455,2008/2/3 21:38,116.36016,40.00012
456,2008/2/3 21:42,116.34275,40.0044
457,2008/2/3 21:45,116.34526,40.00628
458,2008/2/3 21:48,116.34581,40.0176
459,2008/2/3 21:52,116.34802,40.02348
460,2008/2/3 21:56,116.33613,40.03683
461,2008/2/3 21:59,116.32861,40.04725
462,2008/2/3 22:03,116.33637,40.05822
463,2008/2/3 22:07,116.36349,40.05979
464,2008/2/3 22:11,116.37806,40.06093
465,2008/2/3 22:16,116.34245,40.05947
466,2008/2/3 22:20,116.35401,40.07099
467,2008/2/3 22:24,116.34348,40.06501
468,2008/2/3 22:28,116.32357,40.0544
469,2008/2/3 22:32,116.32426,40.04998
470,2008/2/3 22:35,116.32083,40.05175
471,2008/2/3 22:39,116.32476,40.05008
472,2008/2/3 22:42,116.32575,40.04088
473,2008/2/3 22:46,116.34228,40.0387
474,2008/2/3 22:49,116.34955,40.03317
475,2008/2/3 22:53,116.34465,40.02225
476,2008/2/3 22:56,116.34612,40.00546
477,2008/2/3 23:00,116.34676,39.99174
478,2008/2/3 23:05,116.29449,39.98379
479,2008/2/3 23:19,116.26859,39.9677
480,2008/2/3 23:23,116.27818,39.95805
481,2008/2/3 23:27,116.29463,39.95822
482,2008/2/3 23:30,116.30264,39.95571
483,2008/2/3 23:34,116.31114,39.95299
484,2008/2/3 23:37,116.3183,39.95558
485,2008/2/3 23:51,116.34976,39.93846
486,2008/2/3 23:55,116.37924,39.94748
487,2008/2/4 0:01,116.42749,39.9381
488,2008/2/4 0:04,116.42955,39.90626
489,2008/2/4 0:09,116.44961,39.89032
490,2008/2/4 0:12,116.45478,39.88244
491,2008/2/4 0:16,116.4525,39.86507
492,2008/2/4 0:19,116.44578,39.85961
493,2008/2/4 0:23,116.43117,39.86451
494,2008/2/4 0:26,116.41714,39.86427
495,2008/2/4 0:30,116.40346,39.85653
496,2008/2/4 0:33,116.39525,39.86374
497,2008/2/4 0:37,116.39181,39.88506
498,2008/2/4 0:40,116.37743,39.8881
499,2008/2/4 0:44,116.36881,39.88815
500,2008/2/4 0:47,116.36923,39.90404
501,2008/2/4 0:52,116.40423,39.90665
502,2008/2/4 0:55,116.42972,39.90272
503,2008/2/4 1:00,116.4521,39.89562
504,2008/2/4 1:04,116.43346,39.8924
505,2008/2/4 1:07,116.41527,39.89187
506,2008/2/4 1:10,116.39245,39.89009
507,2008/2/4 1:14,116.3689,39.88809
508,2008/2/4 1:17,116.34664,39.88839
509,2008/2/4 1:21,116.32856,39.89618
510,2008/2/4 1:33,116.31516,39.90213
511,2008/2/4 1:37,116.31405,39.89551
512,2008/2/4 1:41,116.32056,39.88863
513,2008/2/4 1:45,116.33429,39.8761
514,2008/2/4 1:50,116.3497,39.86685
515,2008/2/4 1:54,116.41565,39.86986
516,2008/2/4 1:58,116.42699,39.86402
517,2008/2/4 2:01,116.41769,39.86433
518,2008/2/4 2:04,116.41525,39.86486
519,2008/2/4 2:13,116.40123,39.84317
520,2008/2/4 2:17,116.40283,39.8565
521,2008/2/4 2:20,116.40226,39.8637
522,2008/2/4 2:24,116.41199,39.85082
523,2008/2/4 2:27,116.41742,39.8485
524,2008/2/4 2:30,116.41201,39.85096
525,2008/2/4 2:34,116.39473,39.85593
526,2008/2/4 2:37,116.39409,39.84461
527,2008/2/4 2:41,116.3952,39.82203
528,2008/2/4 2:44,116.39577,39.82219
529,2008/2/4 2:48,116.39099,39.83691
530,2008/2/4 2:51,116.3807,39.8477
531,2008/2/4 2:55,116.37736,39.85709
532,2008/2/4 2:58,116.38571,39.8699
533,2008/2/4 3:02,116.4172,39.8643
534,2008/2/4 3:06,116.43243,39.86455
535,2008/2/4 3:09,116.41551,39.86389
536,2008/2/4 3:12,116.38639,39.85589
537,2008/2/4 3:15,116.38209,39.8555
538,2008/2/4 3:19,116.38211,39.85549
539,2008/2/4 3:22,116.4084,39.85565
540,2008/2/4 3:25,116.43264,39.8529
541,2008/2/4 3:28,116.44069,39.84171
542,2008/2/4 3:32,116.43541,39.8444
543,2008/2/4 3:35,116.42618,39.85755
544,2008/2/4 3:39,116.41549,39.86141
545,2008/2/4 3:42,116.3978,39.8639
546,2008/2/4 3:45,116.40717,39.87125
547,2008/2/4 3:48,116.41479,39.8821
548,2008/2/4 3:52,116.41198,39.90748
549,2008/2/4 3:55,116.41713,39.91695
550,2008/2/4 3:58,116.41173,39.91274
551,2008/2/4 4:02,116.41179,39.9127
552,2008/2/4 4:06,116.41181,39.91269
553,2008/2/4 4:09,116.41182,39.91268
554,2008/2/4 4:12,116.41182,39.91267
555,2008/2/4 4:16,116.41183,39.91266
556,2008/2/4 4:19,116.41184,39.91263
557,2008/2/4 4:22,116.41183,39.91263
558,2008/2/4 4:26,116.412,39.91255
559,2008/2/4 4:29,116.41175,39.91273
560,2008/2/4 4:32,116.41175,39.91273
561,2008/2/4 4:36,116.41031,39.92291
562,2008/2/4 4:39,116.40263,39.93408
563,2008/2/4 4:43,116.40165,39.95906
564,2008/2/4 4:46,116.40131,39.97261
565,2008/2/4 4:49,116.4043,39.98701
566,2008/2/4 4:53,116.42794,39.98492
567,2008/2/4 4:56,116.42251,39.97618
568,2008/2/4 4:59,116.41862,39.96823
569,2008/2/4 5:03,116.41862,39.96135
570,2008/2/4 5:06,116.41185,39.96363
571,2008/2/4 5:10,116.41102,39.96072
572,2008/2/4 5:13,116.40162,39.95565
573,2008/2/4 5:17,116.39541,39.93944
574,2008/2/4 5:20,116.38353,39.93349
575,2008/2/4 5:23,116.38933,39.93899
576,2008/2/4 5:27,116.41274,39.94795
577,2008/2/4 5:32,116.42864,39.91466
578,2008/2/4 5:36,116.45263,39.90779
579,2008/2/4 5:39,116.44421,39.91616
580,2008/2/4 5:42,116.42899,39.9152
581,2008/2/4 5:46,116.43719,39.928
582,2008/2/4 5:50,116.4376,39.93199
583,2008/2/4 5:54,116.42301,39.94058
584,2008/2/4 5:57,116.42269,39.93974
585,2008/2/4 6:01,116.41901,39.93963
586,2008/2/4 6:04,116.40264,39.9395
587,2008/2/4 6:08,116.37495,39.93168
588,2008/2/4 6:13,116.35441,39.9224
589,2008/2/4 6:18,116.34237,39.89179
590,2008/2/4 6:23,116.35097,39.87651
591,2008/2/4 6:27,116.36505,39.88784
592,2008/2/4 6:31,116.3646,39.89834
593,2008/2/4 6:34,116.36746,39.91322
594,2008/2/4 6:38,116.37325,39.93156
595,2008/2/4 6:42,116.38739,39.94734
596,2008/2/4 6:46,116.40218,39.94439
597,2008/2/4 6:50,116.40511,39.96732
598,2008/2/4 6:54,116.40133,39.97368
599,2008/2/4 6:58,116.40162,40.00069
600,2008/2/4 7:02,116.40542,40.03881
601,2008/2/4 7:07,116.40777,40.08492
602,2008/2/4 7:11,116.40972,40.08638
603,2008/2/4 7:14,116.40973,40.08638
604,2008/2/4 7:18,116.40746,40.08459
605,2008/2/4 7:21,116.40705,40.06118
606,2008/2/4 7:24,116.40556,40.04272
607,2008/2/4 7:28,116.38126,40.02132
608,2008/2/4 7:34,116.37072,39.99066
609,2008/2/4 7:39,116.36315,39.94672
610,2008/2/4 7:44,116.35034,39.90568
611,2008/2/4 7:49,116.30408,39.89511
612,2008/2/4 7:54,116.30106,39.88002
613,2008/2/4 7:58,116.30425,39.89738
614,2008/2/4 8:03,116.30274,39.95726
615,2008/2/4 8:07,116.34889,39.96564
616,2008/2/4 8:12,116.3491,39.99169
617,2008/2/4 8:16,116.35249,39.99215
618,2008/2/4 8:20,116.35959,40.00339
619,2008/2/4 8:24,116.3583,40.00429
620,2008/2/4 8:27,116.35831,40.0043
621,2008/2/4 8:30,116.36296,40.00089
622,2008/2/4 8:34,116.35859,39.99998
623,2008/2/4 8:38,116.37513,39.97578
624,2008/2/4 8:42,116.37559,39.97688
625,2008/2/4 8:45,116.37543,39.97699
626,2008/2/4 8:49,116.37413,39.98041
627,2008/2/4 8:53,116.388,39.97112
628,2008/2/4 8:56,116.42165,39.968
629,2008/2/4 9:01,116.45552,39.93688
630,2008/2/4 9:05,116.45532,39.9091
631,2008/2/4 9:08,116.45504,39.89557
632,2008/2/4 9:12,116.44686,39.896
633,2008/2/4 9:15,116.4458,39.89603
634,2008/2/4 9:18,116.45488,39.89299
635,2008/2/4 9:23,116.45546,39.92947
636,2008/2/4 9:26,116.45283,39.95366
637,2008/2/4 9:30,116.48916,39.99319
638,2008/2/4 9:33,116.53293,40.02203
639,2008/2/4 9:37,116.57812,40.04586
640,2008/2/4 9:40,116.58259,40.06715
641,2008/2/4 9:43,116.58372,40.07656
642,2008/2/4 9:47,116.58419,40.07704
643,2008/2/4 9:51,116.57936,40.04737
644,2008/2/4 9:54,116.53859,40.02419
645,2008/2/4 9:57,116.49809,40.00147
646,2008/2/4 10:01,116.48159,39.98738
647,2008/2/4 10:04,116.48366,39.97173
648,2008/2/4 10:07,116.47246,39.96429
649,2008/2/4 10:10,116.46495,39.96754
650,2008/2/4 10:14,116.46234,39.96099
651,2008/2/4 10:17,116.45537,39.95456
652,2008/2/4 10:20,116.45112,39.95529
653,2008/2/4 10:23,116.45062,39.95638
654,2008/2/4 10:27,116.44717,39.96207
655,2008/2/4 10:30,116.44479,39.96068
656,2008/2/4 10:33,116.43634,39.95849
657,2008/2/4 10:37,116.42994,39.96767
658,2008/2/4 10:40,116.44058,39.96133
659,2008/2/4 10:44,116.45241,39.95309
660,2008/2/4 10:47,116.45953,39.95835
661,2008/2/4 10:50,116.47761,39.97458
662,2008/2/4 10:53,116.48246,39.97193
663,2008/2/4 10:56,116.49347,39.97157
664,2008/2/4 11:00,116.48556,39.97065
665,2008/2/4 11:03,116.48716,39.96052
666,2008/2/4 11:06,116.47155,39.95318
667,2008/2/4 11:10,116.46762,39.94522
668,2008/2/4 11:13,116.45947,39.94254
669,2008/2/4 11:17,116.44949,39.93983
670,2008/2/4 11:20,116.44504,39.93993
671,2008/2/4 11:23,116.43469,39.93986
672,2008/2/4 11:27,116.42364,39.93985
673,2008/2/4 11:30,116.42696,39.94083
674,2008/2/4 11:34,116.41936,39.9477
675,2008/2/4 11:38,116.43095,39.94807
676,2008/2/4 11:41,116.44569,39.96108
677,2008/2/4 11:45,116.44964,39.96121
678,2008/2/4 11:48,116.44779,39.96297
679,2008/2/4 11:51,116.44656,39.96189
680,2008/2/4 11:54,116.4421,39.95782
681,2008/2/4 11:58,116.43394,39.95349
682,2008/2/4 12:02,116.43303,39.94585
683,2008/2/4 12:05,116.41584,39.94806
684,2008/2/4 12:09,116.37961,39.94765
685,2008/2/4 12:12,116.35683,39.94445
686,2008/2/4 12:16,116.34922,39.93848
687,2008/2/4 12:19,116.34976,39.92877
688,2008/2/4 12:24,116.35047,39.91141
689,2008/2/4 12:27,116.35032,39.90703
690,2008/2/4 12:31,116.32361,39.89593
691,2008/2/4 12:34,116.31511,39.8988
692,2008/2/4 12:38,116.3043,39.90783
693,2008/2/4 12:41,116.30415,39.92316
694,2008/2/4 12:44,116.28259,39.923
695,2008/2/4 12:49,116.2684,39.94303
696,2008/2/4 12:53,116.29079,39.98289
697,2008/2/4 12:57,116.33798,39.98531
698,2008/2/4 13:01,116.39145,39.98666
699,2008/2/4 13:04,116.41633,39.98725
700,2008/2/4 13:07,116.41801,39.98606
701,2008/2/4 13:12,116.41319,39.99511
702,2008/2/4 13:15,116.41143,39.99723
703,2008/2/4 13:18,116.40031,39.9973
704,2008/2/4 13:21,116.40122,39.99371
705,2008/2/4 13:24,116.4064,39.98561
706,2008/2/4 13:28,116.40108,39.97658
707,2008/2/4 13:31,116.38006,39.96724
708,2008/2/4 13:35,116.34029,39.96641
709,2008/2/4 13:39,116.31961,39.96627
710,2008/2/4 13:42,116.3203,39.9657
711,2008/2/4 13:47,116.37655,39.96662
712,2008/2/4 13:50,116.38545,39.96135
713,2008/2/4 13:54,116.37395,39.96342
714,2008/2/4 13:57,116.36859,39.99393
715,2008/2/4 14:01,116.35832,40.00446
716,2008/2/4 14:05,116.35826,40.00385
717,2008/2/4 14:08,116.35834,40.00438
718,2008/2/4 14:11,116.3584,40.00436
719,2008/2/4 14:14,116.35843,40.00452
720,2008/2/4 14:17,116.35842,40.00446
721,2008/2/4 14:20,116.35835,40.00431
722,2008/2/4 14:24,116.35865,40.00452
723,2008/2/4 14:27,116.35842,40.00433
724,2008/2/4 14:30,116.3584,40.00432
725,2008/2/4 14:33,116.35843,40.00433
726,2008/2/4 14:36,116.35842,40.00433
727,2008/2/4 14:39,116.3584,40.00432
728,2008/2/4 14:43,116.3584,40.00432
729,2008/2/4 14:46,116.35873,40.00396
730,2008/2/4 14:49,116.37499,39.97652
731,2008/2/4 14:54,116.39578,39.9657
732,2008/2/4 14:57,116.39906,39.95631
733,2008/2/4 15:00,116.40167,39.95485
734,2008/2/4 15:04,116.37043,39.9475
735,2008/2/4 15:09,116.34979,39.92163
736,2008/2/4 15:14,116.35051,39.90212
737,2008/2/4 15:18,116.34281,39.87195
738,2008/2/4 15:22,116.34007,39.84733
739,2008/2/4 15:33,116.33866,39.7388
740,2008/2/4 15:36,116.34261,39.72925
741,2008/2/4 15:39,116.34195,39.73054
742,2008/2/4 15:42,116.33908,39.74075
743,2008/2/4 15:46,116.33711,39.76138
744,2008/2/4 15:50,116.33685,39.77539
745,2008/2/4 15:53,116.34239,39.79062
746,2008/2/4 15:56,116.33877,39.81824
747,2008/2/4 16:03,116.33755,39.8668
748,2008/2/4 16:06,116.32046,39.86684
749,2008/2/4 16:10,116.28837,39.86763
750,2008/2/4 16:20,116.31026,39.90611
751,2008/2/4 16:24,116.32613,39.90581
752,2008/2/4 16:27,116.32424,39.90132
753,2008/2/4 16:31,116.3228,39.89813
754,2008/2/4 16:35,116.31531,39.90441
755,2008/2/4 16:39,116.30436,39.91088
756,2008/2/4 16:42,116.29027,39.91691
757,2008/2/4 16:48,116.30304,39.92258
758,2008/2/4 16:51,116.30411,39.93854
759,2008/2/4 16:55,116.32188,39.96593
760,2008/2/4 17:30,116.45452,39.95217
761,2008/2/4 17:34,116.45547,39.93881
762,2008/2/4 17:37,116.45498,39.92257
763,2008/2/4 17:40,116.44486,39.92125
764,2008/2/4 17:44,116.43545,39.92279
765,2008/2/4 17:47,116.4332,39.92324
766,2008/2/4 17:51,116.42841,39.93807
767,2008/2/4 17:54,116.43051,39.93664
768,2008/2/4 17:58,116.42439,39.93985
769,2008/2/4 18:02,116.41925,39.94517
770,2008/2/4 18:05,116.41904,39.94696
771,2008/2/4 18:10,116.39564,39.94764
772,2008/2/4 18:13,116.37743,39.9476
773,2008/2/4 18:16,116.36846,39.94742
774,2008/2/4 18:20,116.35862,39.94491
775,2008/2/4 18:23,116.35196,39.94309
776,2008/2/4 18:26,116.34294,39.93841
777,2008/2/4 18:31,116.31865,39.94479
778,2008/2/4 18:35,116.31738,39.96329
779,2008/2/4 18:39,116.31604,39.96382
780,2008/2/4 18:43,116.3168,39.9655
781,2008/2/4 18:46,116.32244,39.96573
782,2008/2/4 18:50,116.32763,39.97344
783,2008/2/4 18:53,116.32765,39.97447
784,2008/2/4 18:57,116.32191,39.97503
785,2008/2/4 19:00,116.31859,39.98086
786,2008/2/4 19:03,116.32108,39.9859
787,2008/2/4 19:07,116.32711,39.98003
788,2008/2/4 19:12,116.32785,39.9668
789,2008/2/4 19:26,116.33802,39.92439
790,2008/2/4 19:30,116.33854,39.91755
791,2008/2/4 19:33,116.3371,39.91509
792,2008/2/4 19:40,116.35195,39.92222
793,2008/2/4 19:44,116.36109,39.92747
794,2008/2/4 19:49,116.36224,39.93599
795,2008/2/4 19:52,116.35795,39.93861
796,2008/2/4 19:55,116.3631,39.94646
797,2008/2/4 20:01,116.37302,39.98712
798,2008/2/4 20:04,116.3678,39.99202
799,2008/2/4 20:08,116.3666,39.99276
800,2008/2/4 20:12,116.361,40.00166
801,2008/2/4 20:15,116.35977,40.0043
802,2008/2/4 20:20,116.34636,40.00573
803,2008/2/4 20:23,116.33431,40.00395
804,2008/2/4 20:27,116.34587,40.00627
805,2008/2/4 20:30,116.35514,40.00804
806,2008/2/4 20:33,116.35527,40.00001
807,2008/2/4 20:43,116.33383,39.99167
808,2008/2/4 20:47,116.32684,39.9914
809,2008/2/4 20:51,116.31937,39.97497
810,2008/2/4 20:54,116.31069,39.9806
811,2008/2/4 20:59,116.30954,39.99331
812,2008/2/4 21:03,116.30804,40.01678
813,2008/2/4 21:08,116.30901,40.00373
814,2008/2/4 21:13,116.30929,39.99608
815,2008/2/4 21:17,116.32678,39.99052
816,2008/2/4 21:24,116.39313,39.98677
817,2008/2/4 21:28,116.41052,39.98516
818,2008/2/4 21:32,116.41855,39.98206
819,2008/2/4 21:37,116.4272,39.98658
820,2008/2/4 21:41,116.42479,39.97844
821,2008/2/4 21:46,116.43647,39.9753
822,2008/2/4 21:51,116.43315,39.96733
823,2008/2/4 21:55,116.42519,39.96382
824,2008/2/4 22:00,116.42956,39.9679
825,2008/2/4 22:05,116.47153,39.97735
826,2008/2/4 22:09,116.52187,40.01809
827,2008/2/4 22:13,116.5765,40.04456
828,2008/2/4 22:18,116.58647,40.07915
829,2008/2/4 22:22,116.58162,40.06736
830,2008/2/4 22:26,116.5637,40.06126
831,2008/2/4 22:29,116.5274,40.07972
832,2008/2/4 22:33,116.49756,40.09298
833,2008/2/4 22:37,116.46809,40.08661
834,2008/2/4 22:41,116.44153,40.08032
835,2008/2/4 22:45,116.42116,40.07292
836,2008/2/4 22:48,116.41098,40.06037
837,2008/2/4 22:52,116.40843,40.05678
838,2008/2/4 22:59,116.40756,40.05521
839,2008/2/4 23:05,116.40851,40.02635
840,2008/2/4 23:08,116.41134,40.02114
841,2008/2/4 23:12,116.38624,40.00867
842,2008/2/4 23:15,116.36253,40.00829
843,2008/2/4 23:19,116.35054,40.02157
844,2008/2/4 23:22,116.34319,40.02768
845,2008/2/4 23:26,116.32886,40.03497
846,2008/2/4 23:30,116.33095,40.0299
847,2008/2/4 23:33,116.34053,40.02969
848,2008/2/4 23:37,116.33803,40.0386
849,2008/2/4 23:40,116.3356,40.0379
850,2008/2/4 23:44,116.31733,40.03466
851,2008/2/4 23:48,116.30642,40.03398
852,2008/2/4 23:51,116.30184,40.03978
853,2008/2/4 23:57,116.28064,40.06562
854,2008/2/5 0:00,116.26178,40.07787
855,2008/2/5 0:04,116.25743,40.08466
856,2008/2/5 0:09,116.27079,40.0678
857,2008/2/5 0:12,116.28415,40.06086
858,2008/2/5 0:16,116.2924,40.05008
859,2008/2/5 0:19,116.29876,40.05205
860,2008/2/5 0:26,116.27335,40.03234
861,2008/2/5 0:34,116.28304,39.99985
862,2008/2/5 0:37,116.28939,39.9956
863,2008/2/5 0:42,116.30974,39.99122
864,2008/2/5 0:46,116.33134,39.99151
865,2008/2/5 0:50,116.33547,40.00616
866,2008/2/5 0:54,116.34214,40.02405
867,2008/2/5 0:57,116.33086,40.02652
868,2008/2/5 1:01,116.32747,40.02668
869,2008/2/5 1:08,116.36386,39.99987
870,2008/2/5 1:12,116.36806,39.99587
871,2008/2/5 1:15,116.36438,40.00024
872,2008/2/5 1:20,116.35921,40.00412
873,2008/2/5 1:23,116.35922,40.00411
874,2008/2/5 1:27,116.35922,40.00411
875,2008/2/5 1:31,116.35923,40.0041
876,2008/2/5 1:35,116.35924,40.0041
877,2008/2/5 1:39,116.35924,40.0041
878,2008/2/5 1:42,116.35924,40.0041
879,2008/2/5 1:45,116.35924,40.0041
880,2008/2/5 1:49,116.35925,40.00411
881,2008/2/5 1:52,116.35925,40.00411
882,2008/2/5 1:56,116.36254,40.00156
883,2008/2/5 1:59,116.37984,40.00841
884,2008/2/5 2:03,116.40222,40.00806
885,2008/2/5 2:30,116.43055,39.96771
886,2008/2/5 2:35,116.45443,39.9324
887,2008/2/5 2:44,116.44213,39.93226
888,2008/2/5 2:47,116.43747,39.9224
889,2008/2/5 2:51,116.43756,39.92967
890,2008/2/5 2:55,116.43755,39.93209
891,2008/2/5 2:59,116.40847,39.93214
892,2008/2/5 3:05,116.34993,39.92221
893,2008/2/5 3:17,116.26752,39.90272
894,2008/2/5 3:20,116.26671,39.89278
895,2008/2/5 3:24,116.25587,39.88849
896,2008/2/5 3:27,116.2526,39.8921
897,2008/2/5 3:31,116.24759,39.89892
898,2008/2/5 3:35,116.27696,39.90619
899,2008/2/5 3:40,116.31478,39.90607
900,2008/2/5 3:44,116.35034,39.90582
901,2008/2/5 3:48,116.38514,39.90605
902,2008/2/5 3:52,116.42057,39.90518
903,2008/2/5 3:56,116.42051,39.90703
904,2008/2/5 4:00,116.42624,39.92298
905,2008/2/5 4:04,116.43048,39.92966
906,2008/2/5 4:07,116.43749,39.92666
907,2008/2/5 4:11,116.43745,39.92797
908,2008/2/5 4:14,116.43481,39.92578
909,2008/2/5 4:17,116.42875,39.91265
910,2008/2/5 4:21,116.40597,39.90691
911,2008/2/5 4:25,116.38966,39.89948
912,2008/2/5 4:28,116.39241,39.88252
913,2008/2/5 4:34,116.25296,39.8676
914,2008/2/5 4:38,116.30094,39.86588
915,2008/2/5 4:42,116.25994,39.85109
916,2008/2/5 4:46,116.26103,39.8521
917,2008/2/5 4:50,116.27683,39.86301
918,2008/2/5 4:53,116.28001,39.85015
919,2008/2/5 4:58,116.29342,39.85651
920,2008/2/5 5:02,116.30734,39.86184
921,2008/2/5 5:05,116.30874,39.86699
922,2008/2/5 5:09,116.31141,39.88199
923,2008/2/5 5:12,116.31995,39.88529
924,2008/2/5 5:16,116.32035,39.88561
925,2008/2/5 5:20,116.32835,39.8885
926,2008/2/5 5:23,116.34281,39.8768
927,2008/2/5 5:27,116.36717,39.87709
928,2008/2/5 5:30,116.37286,39.88184
929,2008/2/5 5:35,116.3708,39.88801
930,2008/2/5 5:40,116.36805,39.90469
931,2008/2/5 5:43,116.36758,39.91731
932,2008/2/5 5:47,116.36701,39.94012
933,2008/2/5 5:51,116.38765,39.93679
934,2008/2/5 5:54,116.39231,39.93201
935,2008/2/5 5:58,116.40249,39.93651
936,2008/2/5 6:02,116.40195,39.95998
937,2008/2/5 6:06,116.40706,39.97202
938,2008/2/5 6:10,116.40144,39.96997
939,2008/2/5 6:13,116.40154,39.98172
940,2008/2/5 6:17,116.40128,39.96898
941,2008/2/5 6:20,116.40124,39.9819
942,2008/2/5 6:24,116.4007,39.99381
943,2008/2/5 6:27,116.40055,39.99408
944,2008/2/5 6:31,116.40114,39.99358
945,2008/2/5 6:34,116.40183,39.99333
946,2008/2/5 6:37,116.40181,39.99353
947,2008/2/5 6:41,116.40179,39.99352
948,2008/2/5 6:44,116.40185,39.99346
949,2008/2/5 6:47,116.41007,39.9938
950,2008/2/5 6:50,116.41876,40.00015
951,2008/2/5 6:54,116.41791,39.97947
952,2008/2/5 6:58,116.42718,39.96817
953,2008/2/5 7:02,116.45086,39.95349
954,2008/2/5 7:07,116.41578,39.96813
955,2008/2/5 7:12,116.40116,39.97812
956,2008/2/5 7:16,116.40975,39.99764
957,2008/2/5 7:19,116.4182,39.99686
958,2008/2/5 7:23,116.40312,40.00132
959,2008/2/5 7:27,116.40126,39.9906
960,2008/2/5 7:30,116.38424,39.98687
961,2008/2/5 7:35,116.37295,39.9566
962,2008/2/5 7:40,116.41659,39.94808
963,2008/2/5 7:44,116.4286,39.91422
964,2008/2/5 7:48,116.42917,39.90717
965,2008/2/5 7:51,116.42762,39.94158
966,2008/2/5 7:56,116.37416,39.94913
967,2008/2/5 8:01,116.36693,39.9919
968,2008/2/5 8:04,116.36788,39.99196
969,2008/2/5 8:08,116.36786,39.99194
970,2008/2/5 8:12,116.35984,40.0031
971,2008/2/5 8:15,116.35833,40.00436
972,2008/2/5 8:19,116.35833,40.00436
973,2008/2/5 8:22,116.35832,40.00436
974,2008/2/5 8:26,116.35833,40.00434
975,2008/2/5 8:29,116.35834,40.00433
976,2008/2/5 8:33,116.35832,40.00433
977,2008/2/5 8:36,116.35833,40.00433
978,2008/2/5 8:40,116.35833,40.00433
979,2008/2/5 8:44,116.35679,40.00473
980,2008/2/5 8:47,116.36011,40.00435
981,2008/2/5 8:51,116.36875,39.99366
982,2008/2/5 8:54,116.37377,39.98174
983,2008/2/5 8:58,116.3792,39.98612
984,2008/2/5 9:01,116.37752,39.98533
985,2008/2/5 9:05,116.37927,39.98108
986,2008/2/5 9:09,116.38132,39.97872
987,2008/2/5 9:12,116.38149,39.97736
988,2008/2/5 9:16,116.39471,39.98665
989,2008/2/5 9:22,116.46483,39.97117
990,2008/2/5 9:26,116.51466,40.01533
991,2008/2/5 9:29,116.56956,40.0372
992,2008/2/5 9:32,116.58414,40.05637
993,2008/2/5 9:36,116.58325,40.06273
994,2008/2/5 9:39,116.58264,40.07556
995,2008/2/5 9:43,116.58645,40.07919
996,2008/2/5 9:48,116.57943,40.0475
997,2008/2/5 9:51,116.53851,40.02415
998,2008/2/5 9:55,116.48747,39.99187
999,2008/2/5 9:59,116.48349,39.97557
1000,2008/2/5 10:03,116.48688,39.95977
1001,2008/2/5 10:08,116.4702,39.95276
1002,2008/2/5 10:11,116.46154,39.94286
1003,2008/2/5 10:15,116.45564,39.95087
1004,2008/2/5 10:18,116.44866,39.94696
1005,2008/2/5 10:22,116.4354,39.94788
1006,2008/2/5 10:26,116.4264,39.95021
1007,2008/2/5 10:29,116.4323,39.95831
1008,2008/2/5 10:32,116.45035,39.95492
1009,2008/2/5 10:36,116.45536,39.9203
1010,2008/2/5 10:39,116.45547,39.91239
1011,2008/2/5 10:43,116.46368,39.90852
1012,2008/2/5 10:46,116.45562,39.90971
1013,2008/2/5 10:49,116.45179,39.91547
1014,2008/2/5 10:54,116.44421,39.92485
1015,2008/2/5 10:57,116.44258,39.92768
1016,2008/2/5 11:01,116.43852,39.92571
1017,2008/2/5 11:05,116.42956,39.93031
1018,2008/2/5 11:09,116.41287,39.94811
1019,2008/2/5 11:13,116.36933,39.94756
1020,2008/2/5 11:16,116.34977,39.92818
1021,2008/2/5 11:20,116.354,39.90581
1022,2008/2/5 11:24,116.35434,39.90483
1023,2008/2/5 11:27,116.35466,39.89817
1024,2008/2/5 11:31,116.35111,39.91104
1025,2008/2/5 11:36,116.35023,39.91082
1026,2008/2/5 11:40,116.35056,39.9055
1027,2008/2/5 11:44,116.34945,39.93681
1028,2008/2/5 11:48,116.34907,39.96567
1029,2008/2/5 11:52,116.38819,39.96701
1030,2008/2/5 12:01,116.45526,39.9279
1031,2008/2/5 12:04,116.44507,39.92134
1032,2008/2/5 12:08,116.43549,39.91629
1033,2008/2/5 12:12,116.43487,39.91327
1034,2008/2/5 12:15,116.44116,39.91188
1035,2008/2/5 12:18,116.44417,39.90731
1036,2008/2/5 12:21,116.45549,39.90261
1037,2008/2/5 12:26,116.44821,39.86118
1038,2008/2/5 12:29,116.43856,39.85718
1039,2008/2/5 12:32,116.4394,39.85137
1040,2008/2/5 12:36,116.4467,39.85947
1041,2008/2/5 12:39,116.43252,39.86027
1042,2008/2/5 12:42,116.43291,39.86636
1043,2008/2/5 12:48,116.4147,39.88136
1044,2008/2/5 12:51,116.41283,39.89161
1045,2008/2/5 12:54,116.41218,39.89955
1046,2008/2/5 12:57,116.40054,39.89997
1047,2008/2/5 13:01,116.40054,39.90534
1048,2008/2/5 13:05,116.39902,39.90848
1049,2008/2/5 13:08,116.40018,39.91385
1050,2008/2/5 13:12,116.40529,39.91537
1051,2008/2/5 13:15,116.40615,39.91562
1052,2008/2/5 13:18,116.40453,39.92197
1053,2008/2/5 13:21,116.40261,39.93119
1054,2008/2/5 13:25,116.40234,39.93854
1055,2008/2/5 13:28,116.41051,39.94042
1056,2008/2/5 13:31,116.41038,39.94713
1057,2008/2/5 13:34,116.39115,39.94778
1058,2008/2/5 13:38,116.35289,39.94347
1059,2008/2/5 13:41,116.32578,39.937
1060,2008/2/5 13:45,116.31793,39.95073
1061,2008/2/5 13:48,116.31678,39.95316
1062,2008/2/5 13:52,116.31201,39.95337
1063,2008/2/5 13:55,116.31111,39.95371
1064,2008/2/5 13:59,116.31669,39.96564
1065,2008/2/5 14:02,116.33494,39.96627
1066,2008/2/5 14:14,116.35827,40.00426
1067,2008/2/5 14:17,116.35827,40.00423
1068,2008/2/5 14:21,116.35825,40.00421
1069,2008/2/5 14:25,116.35823,40.00422
1070,2008/2/5 14:28,116.35823,40.00422
1071,2008/2/5 14:32,116.35823,40.00423
1072,2008/2/5 14:35,116.35824,40.00424
1073,2008/2/5 14:38,116.35823,40.00424
1074,2008/2/5 14:41,116.36304,40.00076
1075,2008/2/5 14:44,116.36376,39.99915
1076,2008/2/5 14:48,116.36377,39.99915
1077,2008/2/5 14:51,116.36377,39.99915
1078,2008/2/5 14:54,116.36377,39.99914
1079,2008/2/5 14:57,116.36519,39.99267
1080,2008/2/5 15:01,116.3486,39.98603
1081,2008/2/5 15:04,116.3395,39.97488
1082,2008/2/5 15:08,116.34727,39.96526
1083,2008/2/5 15:13,116.34114,39.95313
1084,2008/2/5 15:21,116.34547,39.94151
1085,2008/2/5 15:25,116.35343,39.94328
1086,2008/2/5 15:29,116.40398,39.94766
1087,2008/2/5 15:32,116.42752,39.93707
1088,2008/2/5 15:36,116.44061,39.93232
1089,2008/2/5 15:39,116.44994,39.93152
1090,2008/2/5 15:42,116.45461,39.93225
1091,2008/2/5 15:45,116.44999,39.92708
1092,2008/2/5 15:48,116.4474,39.92564
1093,2008/2/5 15:51,116.44445,39.92564
1094,2008/2/5 15:55,116.4309,39.92896
1095,2008/2/5 15:58,116.4342,39.92554
1096,2008/2/5 16:02,116.42776,39.92339
1097,2008/2/5 16:05,116.42883,39.91156
1098,2008/2/5 16:08,116.42145,39.90729
1099,2008/2/5 16:11,116.40578,39.90669
1100,2008/2/5 16:15,116.39291,39.9064
1101,2008/2/5 16:18,116.3886,39.90626
1102,2008/2/5 16:21,116.3806,39.90597
1103,2008/2/5 16:29,116.33691,39.90606
1104,2008/2/5 16:32,116.31678,39.9062
1105,2008/2/5 16:36,116.30499,39.90758
1106,2008/2/5 16:40,116.30377,39.90765
1107,2008/2/5 16:43,116.30127,39.90676
1108,2008/2/5 16:47,116.30108,39.9066
1109,2008/2/5 16:50,116.30091,39.90674
1110,2008/2/5 16:53,116.29965,39.90667
1111,2008/2/5 16:57,116.28367,39.9065
1112,2008/2/5 17:00,116.27366,39.90632
1113,2008/2/5 17:04,116.26784,39.90106
1114,2008/2/5 17:07,116.26593,39.89188
1115,2008/2/5 17:13,116.25867,39.89517
1116,2008/2/5 17:16,116.25857,39.90236
1117,2008/2/5 17:20,116.26847,39.91155
1118,2008/2/5 17:24,116.27748,39.9198
1119,2008/2/5 17:27,116.28445,39.92262
1120,2008/2/5 17:30,116.28427,39.92257
1121,2008/2/5 17:34,116.28431,39.92258
1122,2008/2/5 17:37,116.28988,39.91778
1123,2008/2/5 17:40,116.28941,39.91627
1124,2008/2/5 17:43,116.29294,39.92251
1125,2008/2/5 17:47,116.2946,39.92246
1126,2008/2/5 17:50,116.30387,39.9186
1127,2008/2/5 17:54,116.30387,39.91825
1128,2008/2/5 17:57,116.30388,39.91669
1129,2008/2/5 18:01,116.30416,39.90542
1130,2008/2/5 18:05,116.31025,39.89576
1131,2008/2/5 18:12,116.34304,39.87547
1132,2008/2/5 18:17,116.35374,39.86586
1133,2008/2/5 18:20,116.34314,39.877
1134,2008/2/5 18:24,116.34418,39.88747
1135,2008/2/5 18:28,116.35036,39.90021
1136,2008/2/5 18:31,116.35102,39.90432
1137,2008/2/5 18:34,116.35312,39.90988
1138,2008/2/5 18:40,116.34978,39.90725
1139,2008/2/5 18:44,116.34543,39.89696
1140,2008/2/5 18:47,116.33228,39.88861
1141,2008/2/5 18:50,116.32059,39.89205
1142,2008/2/5 19:00,116.33884,39.91476
1143,2008/2/5 19:03,116.3287,39.92174
1144,2008/2/5 19:07,116.31151,39.92255
1145,2008/2/5 19:11,116.29566,39.93147
1146,2008/2/5 19:15,116.2974,39.93612
1147,2008/2/5 19:18,116.30066,39.94196
1148,2008/2/5 19:22,116.30255,39.96074
1149,2008/2/5 19:25,116.34869,39.96619
1150,2008/2/5 19:29,116.3638,39.97197
1151,2008/2/5 19:34,116.37451,39.97539
1152,2008/2/5 19:37,116.37409,39.99313
1153,2008/2/5 19:40,116.37921,39.99757
1154,2008/2/5 19:43,116.36419,39.99957
1155,2008/2/5 19:47,116.36789,39.99193
1156,2008/2/5 19:50,116.3636,39.99577
1157,2008/2/5 19:53,116.36202,40.00021
1158,2008/2/5 19:57,116.35847,40.00428
1159,2008/2/5 20:00,116.35846,40.00428
1160,2008/2/5 20:03,116.3584,40.00428
1161,2008/2/5 20:07,116.35841,40.00427
1162,2008/2/5 20:11,116.35841,40.00426
1163,2008/2/5 20:14,116.35841,40.00426
1164,2008/2/5 20:17,116.3584,40.00426
1165,2008/2/5 20:21,116.3584,40.00426
1166,2008/2/5 20:24,116.35838,40.00425
1167,2008/2/5 20:27,116.35838,40.00426
1168,2008/2/5 20:30,116.36484,39.99857
1169,2008/2/5 20:34,116.33505,39.98534
1170,2008/2/5 20:38,116.32746,39.97555
1171,2008/2/5 20:41,116.32914,39.97749
1172,2008/2/5 20:44,116.32717,39.98315
1173,2008/2/5 20:48,116.32463,39.9796
1174,2008/2/5 20:51,116.32465,39.9796
1175,2008/2/5 20:54,116.32463,39.97957
1176,2008/2/5 20:57,116.32723,39.9842
1177,2008/2/5 21:02,116.33257,40.00055
1178,2008/2/5 21:06,116.34575,40.00632
1179,2008/2/5 21:09,116.35602,40.00644
1180,2008/2/5 21:12,116.35917,40.0041
1181,2008/2/5 21:15,116.36263,40.00149
1182,2008/2/5 21:19,116.38705,39.98389
1183,2008/2/5 21:24,116.39566,39.97392
1184,2008/2/5 21:32,116.41738,39.974
1185,2008/2/5 21:36,116.4185,39.96833
1186,2008/2/5 21:40,116.41875,39.95439
1187,2008/2/5 21:43,116.41939,39.9422
1188,2008/2/5 21:46,116.41953,39.93274
1189,2008/2/5 21:50,116.41062,39.94047
1190,2008/2/5 21:53,116.40281,39.948
1191,2008/2/5 21:56,116.38758,39.94831
1192,2008/2/5 22:04,116.34561,39.93876
1193,2008/2/5 22:17,116.33859,39.94765
1194,2008/2/5 22:21,116.33454,39.94661
1195,2008/2/5 22:24,116.34112,39.95363
1196,2008/2/5 22:28,116.35491,39.96361
1197,2008/2/5 22:39,116.36861,39.98061
1198,2008/2/5 22:43,116.36389,39.96688
1199,2008/2/5 22:47,116.37279,39.95763
1200,2008/2/5 22:50,116.36426,39.96266
1201,2008/2/5 22:55,116.3664,39.93923
1202,2008/2/5 22:59,116.37096,39.92428
1203,2008/2/5 23:02,116.36887,39.91347
1204,2008/2/5 23:13,116.37298,39.94001
1205,2008/2/5 23:17,116.37327,39.9561
1206,2008/2/5 23:21,116.38465,39.96681
1207,2008/2/5 23:26,116.37426,39.96555
1208,2008/2/5 23:30,116.3735,39.96729
1209,2008/2/5 23:34,116.36333,39.95663
1210,2008/2/5 23:37,116.34074,39.95447
1211,2008/2/5 23:42,116.36224,39.95655
1212,2008/2/5 23:45,116.36212,39.95237
1213,2008/2/5 23:49,116.35657,39.95656
1214,2008/2/5 23:53,116.37202,39.95594
1215,2008/2/5 23:57,116.37486,39.96849
1216,2008/2/6 0:00,116.3795,39.97131
1217,2008/2/6 0:04,116.3679,39.96997
1218,2008/2/6 0:07,116.37375,39.96532
1219,2008/2/6 0:12,116.36393,39.96694
1220,2008/2/6 0:16,116.36333,39.98536
1221,2008/2/6 0:19,116.35995,39.99248
1222,2008/2/6 0:23,116.36788,39.99444
1223,2008/2/6 0:26,116.35765,39.99241
1224,2008/2/6 0:30,116.34554,39.99204
1225,2008/2/6 0:34,116.33379,39.99734
1226,2008/2/6 0:40,116.33811,39.98559
1227,2008/2/6 0:43,116.35488,39.98562
1228,2008/2/6 0:48,116.36298,39.98787
1229,2008/2/6 0:51,116.36351,39.97639
1230,2008/2/6 0:55,116.36482,39.95597
1231,2008/2/6 0:59,116.36616,39.93935
1232,2008/2/6 1:03,116.3262,39.9372
1233,2008/2/6 1:09,116.31922,39.93739
1234,2008/2/6 1:13,116.32869,39.93111
1235,2008/2/6 1:17,116.32512,39.92193
1236,2008/2/6 1:22,116.30706,39.92677
1237,2008/2/6 1:26,116.31594,39.93098
1238,2008/2/6 1:30,116.30846,39.95004
1239,2008/2/6 1:34,116.31777,39.95125
1240,2008/2/6 1:40,116.32872,39.95777
1241,2008/2/6 1:43,116.33605,39.94545
1242,2008/2/6 1:48,116.3494,39.93059
1243,2008/2/6 1:53,116.34259,39.88049
1244,2008/2/6 1:59,116.39312,39.86738
1245,2008/2/6 2:02,116.39385,39.85321
1246,2008/2/6 2:11,116.42218,39.84085
1247,2008/2/6 2:14,116.4181,39.85446
1248,2008/2/6 2:18,116.41563,39.86382
1249,2008/2/6 2:22,116.4148,39.88231
1250,2008/2/6 2:26,116.41286,39.88975
1251,2008/2/6 2:29,116.41214,39.90643
1252,2008/2/6 2:33,116.4116,39.91251
1253,2008/2/6 2:36,116.41158,39.9125
1254,2008/2/6 2:39,116.41158,39.91251
1255,2008/2/6 2:43,116.41165,39.91257
1256,2008/2/6 2:46,116.41154,39.91237
1257,2008/2/6 2:51,116.41846,39.92293
1258,2008/2/6 2:55,116.41054,39.94058
1259,2008/2/6 2:58,116.40184,39.95703
1260,2008/2/6 3:01,116.41142,39.96078
1261,2008/2/6 3:04,116.42617,39.95028
1262,2008/2/6 3:08,116.41746,39.93964
1263,2008/2/6 3:11,116.41732,39.93958
1264,2008/2/6 3:15,116.41721,39.93963
1265,2008/2/6 3:19,116.41592,39.93958
1266,2008/2/6 3:22,116.4005,39.93982
1267,2008/2/6 3:25,116.4024,39.9338
1268,2008/2/6 3:29,116.42687,39.93212
1269,2008/2/6 3:33,116.44924,39.93208
1270,2008/2/6 3:36,116.45031,39.93011
1271,2008/2/6 3:40,116.45639,39.93234
1272,2008/2/6 3:43,116.47738,39.93228
1273,2008/2/6 3:48,116.50359,39.91468
1274,2008/2/6 3:51,116.52815,39.91798
1275,2008/2/6 3:55,116.50388,39.91489
1276,2008/2/6 3:59,116.47226,39.91451
1277,2008/2/6 4:02,116.46346,39.91872
1278,2008/2/6 4:06,116.46725,39.9123
1279,2008/2/6 4:11,116.43985,39.91639
1280,2008/2/6 4:15,116.42971,39.92305
1281,2008/2/6 4:18,116.43495,39.92274
1282,2008/2/6 4:22,116.45513,39.92138
1283,2008/2/6 4:26,116.4588,39.92765
1284,2008/2/6 4:29,116.44929,39.93051
1285,2008/2/6 4:34,116.44364,39.95966
1286,2008/2/6 4:40,116.42498,39.9667
1287,2008/2/6 4:43,116.41918,39.96107
1288,2008/2/6 4:47,116.4015,39.96686
1289,2008/2/6 4:51,116.40424,39.96066
1290,2008/2/6 4:54,116.40166,39.95455
1291,2008/2/6 4:57,116.38908,39.95288
1292,2008/2/6 5:01,116.39912,39.95793
1293,2008/2/6 5:05,116.40252,39.93282
1294,2008/2/6 5:08,116.38446,39.93513
1295,2008/2/6 5:12,116.3995,39.93954
1296,2008/2/6 5:15,116.41279,39.93962
1297,2008/2/6 5:19,116.41247,39.93959
1298,2008/2/6 5:22,116.41165,39.93958
1299,2008/2/6 5:25,116.4115,39.93967
1300,2008/2/6 5:29,116.41151,39.93967
1301,2008/2/6 5:32,116.41153,39.93966
1302,2008/2/6 5:36,116.41101,39.93908
1303,2008/2/6 5:40,116.41147,39.93956
1304,2008/2/6 5:43,116.41948,39.93721
1305,2008/2/6 5:47,116.42022,39.91787
1306,2008/2/6 5:52,116.40588,39.89649
1307,2008/2/6 5:55,116.38416,39.88848
1308,2008/2/6 6:00,116.3514,39.88818
1309,2008/2/6 6:04,116.31533,39.88811
1310,2008/2/6 9:10,116.40977,39.85588
1311,2008/2/6 9:13,116.41265,39.84644
1312,2008/2/6 9:17,116.40865,39.84442
1313,2008/2/6 9:21,116.40844,39.84654
1314,2008/2/6 9:25,116.40807,39.85369
1315,2008/2/6 9:28,116.3967,39.86234
1316,2008/2/6 9:32,116.40992,39.8639
1317,2008/2/6 9:35,116.41494,39.87935
1318,2008/2/6 9:39,116.42808,39.88291
1319,2008/2/6 9:43,116.45,39.88319
1320,2008/2/6 9:47,116.45565,39.91337
1321,2008/2/6 9:51,116.45194,39.95427
1322,2008/2/6 9:55,116.49383,39.99754
1323,2008/2/6 9:59,116.55564,40.02991
1324,2008/2/6 10:03,116.58218,40.07369
1325,2008/2/6 10:07,116.58134,40.07929
1326,2008/2/6 10:10,116.58249,40.06243
1327,2008/2/6 10:14,116.56248,40.06928
1328,2008/2/6 10:17,116.56559,40.07099
1329,2008/2/6 10:21,116.56559,40.07098
1330,2008/2/6 10:25,116.56559,40.07097
1331,2008/2/6 10:28,116.56559,40.07097
1332,2008/2/6 10:31,116.56559,40.07096
1333,2008/2/6 10:34,116.56559,40.07096
1334,2008/2/6 10:38,116.56559,40.07096
1335,2008/2/6 10:41,116.5656,40.07096
1336,2008/2/6 10:44,116.5656,40.07096
1337,2008/2/6 10:47,116.56447,40.07086
1338,2008/2/6 10:51,116.56877,40.06353
1339,2008/2/6 10:54,116.56879,40.06355
1340,2008/2/6 10:57,116.56873,40.06328
1341,2008/2/6 11:01,116.40149,40.00292
1342,2008/2/6 11:04,116.56881,40.06349
1343,2008/2/6 11:08,116.56881,40.06351
1344,2008/2/6 11:11,116.56882,40.06351
1345,2008/2/6 11:15,116.5688,40.06349
1346,2008/2/6 11:19,116.56878,40.06353
1347,2008/2/6 11:23,116.56879,40.06351
1348,2008/2/6 11:26,116.5733,40.06309
1349,2008/2/6 11:30,116.57332,40.06309
1350,2008/2/6 11:34,116.57334,40.06308
1351,2008/2/6 11:38,116.57333,40.06308
1352,2008/2/6 11:41,116.57334,40.06309
1353,2008/2/6 11:45,116.57344,40.06316
1354,2008/2/6 11:49,116.57342,40.06313
1355,2008/2/6 11:53,116.5734,40.0631
1356,2008/2/6 11:56,116.57339,40.06308
1357,2008/2/6 12:00,116.57339,40.06308
1358,2008/2/6 12:04,116.57339,40.06308
1359,2008/2/6 12:07,116.57339,40.06308
1360,2008/2/6 12:11,116.57339,40.06308
1361,2008/2/6 12:14,116.57338,40.06308
1362,2008/2/6 12:18,116.57338,40.06308
1363,2008/2/6 12:22,116.57933,40.06262
1364,2008/2/6 12:26,116.57976,40.06259
1365,2008/2/6 12:29,116.58308,40.0599
1366,2008/2/6 12:32,116.58299,40.06084
1367,2008/2/6 12:35,116.583,40.06082
1368,2008/2/6 12:39,116.58298,40.06083
1369,2008/2/6 12:42,116.5817,40.06768
1370,2008/2/6 12:46,116.58172,40.06767
1371,2008/2/6 12:49,116.58146,40.06793
1372,2008/2/6 12:52,116.58151,40.06788
1373,2008/2/6 12:56,116.58156,40.06905
1374,2008/2/6 12:59,116.58128,40.07069
1375,2008/2/6 13:02,116.58093,40.07094
1376,2008/2/6 13:06,116.58112,40.07077
1377,2008/2/6 13:09,116.58113,40.07076
1378,2008/2/6 13:12,116.58069,40.07347
1379,2008/2/6 13:15,116.58067,40.07459
1380,2008/2/6 13:19,116.5806,40.07635
1381,2008/2/6 13:22,116.58059,40.07637
1382,2008/2/6 13:26,116.58136,40.07643
1383,2008/2/6 13:29,116.58278,40.07458
1384,2008/2/6 13:32,116.58278,40.07459
1385,2008/2/6 13:35,116.58278,40.07459
1386,2008/2/6 13:39,116.58566,40.07662
1387,2008/2/6 13:42,116.58565,40.07665
1388,2008/2/6 13:46,116.58804,40.07773
1389,2008/2/6 13:49,116.58804,40.07773
1390,2008/2/6 13:53,116.58804,40.07773
1391,2008/2/6 13:56,116.57967,40.04754
1392,2008/2/6 14:00,116.53966,40.02466
1393,2008/2/6 14:03,116.49442,39.9972
1394,2008/2/6 14:07,116.52528,39.95315
1395,2008/2/6 14:10,116.53768,39.92424
1396,2008/2/6 14:14,116.54491,39.91474
1397,2008/2/6 14:17,116.54203,39.91476
1398,2008/2/6 14:21,116.52169,39.91591
1399,2008/2/6 14:24,116.51483,39.9223
1400,2008/2/6 14:27,116.49597,39.92393
1401,2008/2/6 14:31,116.49598,39.93126
1402,2008/2/6 14:34,116.48374,39.9512
1403,2008/2/6 14:38,116.44169,39.98408
1404,2008/2/6 14:42,116.38116,39.98661
1405,2008/2/6 14:46,116.36324,39.98616
1406,2008/2/6 14:50,116.36367,39.98026
1407,2008/2/6 14:54,116.36255,39.99674
1408,2008/2/6 14:58,116.3585,40.00429
1409,2008/2/6 15:01,116.35846,40.00386
1410,2008/2/6 15:04,116.35823,40.00407
1411,2008/2/6 15:08,116.35835,40.0041
1412,2008/2/6 15:11,116.35837,40.00415
1413,2008/2/6 15:15,116.35873,40.004
1414,2008/2/6 15:19,116.3585,40.00426
1415,2008/2/6 15:23,116.35853,40.00427
1416,2008/2/6 15:27,116.35836,40.00397
1417,2008/2/6 15:31,116.35857,40.00419
1418,2008/2/6 15:34,116.35851,40.00417
1419,2008/2/6 15:37,116.35849,40.00418
1420,2008/2/6 15:41,116.3585,40.00419
1421,2008/2/6 15:45,116.3585,40.00421
1422,2008/2/6 15:48,116.3585,40.00422
1423,2008/2/6 15:52,116.3585,40.00424
1424,2008/2/6 15:55,116.35849,40.00425
1425,2008/2/6 15:58,116.35849,40.00426
1426,2008/2/6 16:02,116.35852,39.99974
1427,2008/2/6 16:06,116.3631,39.98812
1428,2008/2/6 16:20,116.30393,39.92358
1429,2008/2/6 16:23,116.30387,39.92027
1430,2008/2/6 16:27,116.30387,39.92027
1431,2008/2/6 16:30,116.30387,39.92027
1432,2008/2/6 16:34,116.30387,39.92027
1433,2008/2/6 16:37,116.30387,39.92027
1434,2008/2/6 16:40,116.30387,39.92027
1435,2008/2/6 16:44,116.30387,39.92027
1436,2008/2/6 16:47,116.30387,39.92027
1437,2008/2/6 16:51,116.30387,39.92027
1438,2008/2/6 16:55,116.30387,39.92027
1439,2008/2/6 16:58,116.30387,39.92027
1440,2008/2/6 17:01,116.30387,39.92027
1441,2008/2/6 17:05,116.30379,39.91239
1442,2008/2/6 17:08,116.30422,39.92768
1443,2008/2/6 17:12,116.31783,39.93755
1444,2008/2/6 17:16,116.35632,39.94423
1445,2008/2/6 17:21,116.37492,39.97258
1446,2008/2/6 17:25,116.36105,40.00184
1447,2008/2/6 17:29,116.35848,40.00444
1448,2008/2/6 17:33,116.35851,40.00411
1449,2008/2/6 17:36,116.35847,40.00418
1450,2008/2/6 17:39,116.35849,40.00418
1451,2008/2/6 17:43,116.3589,40.00402
1452,2008/2/6 17:46,116.35908,40.00007
1453,2008/2/6 17:49,116.35907,40.00709
1454,2008/2/6 17:53,116.36777,40.01221
1455,2008/2/6 17:57,116.37735,40.00028
1456,2008/2/6 18:01,116.37807,40.00042
1457,2008/2/6 18:04,116.38125,39.98507
1458,2008/2/6 18:08,116.37496,39.98349
1459,2008/2/6 18:11,116.37237,39.9868
1460,2008/2/6 18:14,116.35899,39.99044
1461,2008/2/6 18:18,116.36305,39.98827
1462,2008/2/6 18:31,116.30403,39.91127
1463,2008/2/6 18:35,116.31493,39.895
1464,2008/2/6 18:38,116.32276,39.89555
1465,2008/2/6 18:50,116.35021,39.91103
1466,2008/2/6 18:55,116.3426,39.88568
1467,2008/2/6 18:59,116.33867,39.84778
1468,2008/2/6 19:03,116.38934,39.85544
1469,2008/2/6 19:06,116.40042,39.84458
1470,2008/2/6 19:09,116.39911,39.85536
1471,2008/2/6 19:13,116.4025,39.85589
1472,2008/2/6 19:18,116.39449,39.8359
1473,2008/2/6 19:21,116.39098,39.83692
1474,2008/2/6 19:24,116.38062,39.84368
1475,2008/2/6 19:28,116.3822,39.84763
1476,2008/2/6 19:32,116.40375,39.85556
1477,2008/2/6 19:35,116.40859,39.84041
1478,2008/2/6 19:39,116.40868,39.84405
1479,2008/2/6 19:42,116.40422,39.85242
1480,2008/2/6 19:45,116.41126,39.85543
1481,2008/2/6 19:49,116.40892,39.85587
1482,2008/2/6 19:52,116.43904,39.85471
1483,2008/2/6 19:56,116.44027,39.84562
1484,2008/2/6 19:59,116.44691,39.86007
1485,2008/2/6 20:03,116.45527,39.87055
1486,2008/2/6 20:06,116.46177,39.87917
1487,2008/2/6 20:09,116.45549,39.88493
1488,2008/2/6 20:13,116.43875,39.8925
1489,2008/2/6 20:18,116.41936,39.90348
1490,2008/2/6 20:21,116.42162,39.90338
1491,2008/2/6 20:24,116.42093,39.90744
1492,2008/2/6 20:28,116.40856,39.91414
1493,2008/2/6 20:32,116.40049,39.90692
1494,2008/2/6 20:35,116.40421,39.89963
1495,2008/2/6 20:38,116.40068,39.90606
1496,2008/2/6 20:42,116.40098,39.91391
1497,2008/2/6 20:45,116.4155,39.92298
1498,2008/2/6 20:49,116.42856,39.92498
1499,2008/2/6 20:52,116.43354,39.93065
1500,2008/2/6 20:56,116.44906,39.92918
1501,2008/2/6 20:59,116.44913,39.93099
1502,2008/2/6 21:02,116.43763,39.93405
1503,2008/2/6 21:05,116.4357,39.93986
1504,2008/2/6 21:09,116.41056,39.94053
1505,2008/2/6 21:13,116.41021,39.94787
1506,2008/2/6 21:16,116.40144,39.95751
1507,2008/2/6 21:20,116.41064,39.93957
1508,2008/2/6 21:23,116.41131,39.92054
1509,2008/2/6 21:27,116.41174,39.91147
1510,2008/2/6 21:31,116.42701,39.92286
1511,2008/2/6 21:34,116.44356,39.9214
1512,2008/2/6 21:37,116.4545,39.92056
1513,2008/2/6 21:41,116.45571,39.92188
1514,2008/2/6 21:45,116.45586,39.93428
1515,2008/2/6 21:48,116.44471,39.93976
1516,2008/2/6 21:52,116.4317,39.93968
1517,2008/2/6 21:55,116.39613,39.9476
1518,2008/2/6 21:59,116.37322,39.95542
1519,2008/2/6 22:05,116.35843,40.00432
1520,2008/2/6 22:09,116.35844,40.00432
1521,2008/2/6 22:13,116.35845,40.00432
1522,2008/2/6 22:16,116.35845,40.00432
1523,2008/2/6 22:20,116.35846,40.00432
1524,2008/2/6 22:24,116.35847,40.00432
1525,2008/2/6 22:27,116.35846,40.00431
1526,2008/2/6 22:31,116.35845,40.0043
1527,2008/2/6 22:34,116.35844,40.00429
1528,2008/2/6 22:38,116.35843,40.00429
1529,2008/2/6 22:41,116.35842,40.00429
1530,2008/2/6 22:44,116.35842,40.00429
1531,2008/2/6 22:48,116.35841,40.00429
1532,2008/2/6 22:51,116.35841,40.00429
1533,2008/2/6 22:55,116.35841,40.0043
1534,2008/2/6 22:58,116.35841,40.0043
1535,2008/2/6 23:01,116.35841,40.00431
1536,2008/2/6 23:05,116.35841,40.00432
1537,2008/2/6 23:08,116.35841,40.00432
1538,2008/2/6 23:11,116.35841,40.00432
1539,2008/2/6 23:14,116.35797,40.00392
1540,2008/2/6 23:18,116.35827,40.00429
1541,2008/2/6 23:26,116.35836,40.00433
1542,2008/2/6 23:29,116.35835,40.00433
1543,2008/2/6 23:32,116.35836,40.00434
1544,2008/2/6 23:35,116.35836,40.00434
1545,2008/2/6 23:39,116.35843,40.00439
1546,2008/2/6 23:42,116.35843,40.00439
1547,2008/2/6 23:45,116.35842,40.00439
1548,2008/2/6 23:48,116.35842,40.00439
1549,2008/2/6 23:52,116.35842,40.00438
1550,2008/2/6 23:55,116.35842,40.00438
1551,2008/2/6 23:58,116.35842,40.00438
1552,2008/2/7 0:01,116.35842,40.00438
1553,2008/2/7 0:05,116.35842,40.00437
1554,2008/2/7 0:08,116.35841,40.00437
1555,2008/2/7 0:11,116.35848,40.00437
1556,2008/2/7 0:14,116.35845,40.00438
1557,2008/2/7 0:17,116.35844,40.00433
1558,2008/2/7 0:21,116.35841,40.0043
1559,2008/2/7 0:24,116.35841,40.00431
1560,2008/2/7 0:27,116.35842,40.00432
1561,2008/2/7 0:31,116.35841,40.00433
1562,2008/2/7 0:34,116.35842,40.00432
1563,2008/2/7 0:37,116.35842,40.00433
1564,2008/2/7 0:40,116.35841,40.00433
1565,2008/2/7 0:44,116.35841,40.00433
1566,2008/2/7 0:47,116.3584,40.00433
1567,2008/2/7 0:51,116.3584,40.00433
1568,2008/2/7 0:54,116.3584,40.00434
1569,2008/2/7 0:58,116.35839,40.00433
1570,2008/2/7 1:01,116.35839,40.00434
1571,2008/2/7 1:05,116.35839,40.00433
1572,2008/2/7 1:09,116.35839,40.00433
1573,2008/2/7 1:13,116.35839,40.00433
1574,2008/2/7 1:16,116.35838,40.00433
1575,2008/2/7 1:19,116.35838,40.00433
1576,2008/2/7 1:23,116.35838,40.00432
1577,2008/2/7 1:26,116.35838,40.00432
1578,2008/2/7 1:29,116.35837,40.00433
1579,2008/2/7 1:33,116.35837,40.00433
1580,2008/2/7 1:36,116.35837,40.00432
1581,2008/2/7 1:40,116.35837,40.00432
1582,2008/2/7 1:43,116.35837,40.00432
1583,2008/2/7 1:46,116.35837,40.00432
1584,2008/2/7 1:50,116.35837,40.00432
1585,2008/2/7 1:54,116.35821,40.00426
1586,2008/2/7 1:58,116.35822,40.00428
1587,2008/2/7 2:11,116.35835,40.00441
1588,2008/2/7 2:15,116.35832,40.00438
1589,2008/2/7 2:18,116.3583,40.00437
1590,2008/2/7 2:21,116.35829,40.00439
1591,2008/2/7 2:25,116.35831,40.0044
1592,2008/2/7 2:29,116.35831,40.00439
1593,2008/2/7 2:32,116.35831,40.00439
1594,2008/2/7 2:35,116.36395,39.99983
1595,2008/2/7 2:53,116.35683,39.89809
1596,2008/2/7 2:57,116.35708,39.89825
1597,2008/2/7 3:07,116.33478,39.94615
1598,2008/2/7 3:12,116.34931,39.93366
1599,2008/2/7 3:19,116.34262,39.88381
1600,2008/2/7 3:23,116.34005,39.84776
1601,2008/2/7 3:27,116.35448,39.84888
1602,2008/2/7 3:30,116.35587,39.84828
1603,2008/2/7 3:35,116.3584,39.86504
1604,2008/2/7 3:38,116.35763,39.88184
1605,2008/2/7 3:42,116.34481,39.88821
1606,2008/2/7 3:55,116.3839,39.86986
1607,2008/2/7 3:59,116.43299,39.86798
1608,2008/2/7 4:02,116.42916,39.86129
1609,2008/2/7 4:06,116.42597,39.85759
1610,2008/2/7 4:10,116.45049,39.85681
1611,2008/2/7 4:13,116.45245,39.86445
1612,2008/2/7 4:17,116.45522,39.86969
1613,2008/2/7 4:20,116.4561,39.87013
1614,2008/2/7 4:25,116.41991,39.85686
1615,2008/2/7 4:28,116.39804,39.8706
1616,2008/2/7 4:32,116.35853,39.86917
1617,2008/2/7 4:38,116.36822,39.8815
1618,2008/2/7 4:42,116.35741,39.88787
1619,2008/2/7 4:47,116.35041,39.90619
1620,2008/2/7 4:51,116.32823,39.92481
1621,2008/2/7 4:55,116.31978,39.9312
1622,2008/2/7 4:59,116.29567,39.93106
1623,2008/2/7 5:02,116.29705,39.93374
1624,2008/2/7 5:06,116.26873,39.93403
1625,2008/2/7 5:10,116.26539,39.96866
1626,2008/2/7 5:16,116.27465,39.96265
1627,2008/2/7 5:19,116.28523,39.95649
1628,2008/2/7 5:23,116.30365,39.96143
1629,2008/2/7 5:27,116.31828,39.95035
1630,2008/2/7 5:30,116.31157,39.95563
1631,2008/2/7 5:34,116.28218,39.95795
1632,2008/2/7 5:39,116.27178,39.97008
1633,2008/2/7 5:43,116.29043,39.99199
1634,2008/2/7 5:47,116.29937,39.98451
1635,2008/2/7 5:51,116.311,39.97466
1636,2008/2/7 5:55,116.32725,39.97519
1637,2008/2/7 6:00,116.35618,39.98554
1638,2008/2/7 6:04,116.36309,40.0001
1639,2008/2/7 6:07,116.35837,40.00425
1640,2008/2/7 6:10,116.35839,40.00424
1641,2008/2/7 6:14,116.35839,40.00424
1642,2008/2/7 6:17,116.35839,40.00424
1643,2008/2/7 6:20,116.35839,40.00424
1644,2008/2/7 6:24,116.35839,40.00424
1645,2008/2/7 6:27,116.35839,40.00424
1646,2008/2/7 6:31,116.35834,40.00444
1647,2008/2/7 6:34,116.35834,40.00447
1648,2008/2/7 6:37,116.35835,40.0045
1649,2008/2/7 6:41,116.35844,40.0045
1650,2008/2/7 6:44,116.35836,40.00447
1651,2008/2/7 6:47,116.3583,40.00433
1652,2008/2/7 6:50,116.35831,40.00435
1653,2008/2/7 6:54,116.35831,40.00435
1654,2008/2/7 6:57,116.35833,40.00436
1655,2008/2/7 7:01,116.35833,40.00436
1656,2008/2/7 7:05,116.35834,40.00437
1657,2008/2/7 7:08,116.35834,40.00437
1658,2008/2/7 7:11,116.35835,40.00438
1659,2008/2/7 7:15,116.35835,40.00438
1660,2008/2/7 7:18,116.35836,40.00438
1661,2008/2/7 7:21,116.35836,40.00438
1662,2008/2/7 7:25,116.35836,40.00438
1663,2008/2/7 7:28,116.35836,40.00439
1664,2008/2/7 7:32,116.35836,40.0044
1665,2008/2/7 7:36,116.35836,40.00439
1666,2008/2/7 7:39,116.35838,40.00439
1667,2008/2/7 7:43,116.35844,40.00437
1668,2008/2/7 7:46,116.35843,40.00438
1669,2008/2/7 7:49,116.35843,40.00437
1670,2008/2/7 7:53,116.35844,40.00437
1671,2008/2/7 7:56,116.35844,40.00437
1672,2008/2/7 8:00,116.35857,40.00383
1673,2008/2/7 8:03,116.35836,40.0038
1674,2008/2/7 8:06,116.35833,40.00429
1675,2008/2/7 8:10,116.35837,40.0043
1676,2008/2/7 8:13,116.35838,40.0043
1677,2008/2/7 8:16,116.35809,40.00465
1678,2008/2/7 8:19,116.35833,40.00446
1679,2008/2/7 8:23,116.35834,40.00446
1680,2008/2/7 8:26,116.35843,40.00426
1681,2008/2/7 8:29,116.35841,40.0043
1682,2008/2/7 8:33,116.35785,40.00468
1683,2008/2/7 8:36,116.35836,40.00433
1684,2008/2/7 8:39,116.35836,40.00434
1685,2008/2/7 8:43,116.35857,40.00439
1686,2008/2/7 8:47,116.35852,40.00436
1687,2008/2/7 8:50,116.3585,40.00436
1688,2008/2/7 8:54,116.35849,40.00436
1689,2008/2/7 8:58,116.35848,40.00436
1690,2008/2/7 9:01,116.35848,40.00436
1691,2008/2/7 9:04,116.35849,40.00436
1692,2008/2/7 9:08,116.35854,40.00441
1693,2008/2/7 9:11,116.35854,40.00441
1694,2008/2/7 9:15,116.36275,40.00137
1695,2008/2/7 9:23,116.38675,39.9394
1696,2008/2/7 9:26,116.39505,39.93938
1697,2008/2/7 9:30,116.3845,39.94092
1698,2008/2/7 9:33,116.3735,39.95667
1699,2008/2/7 9:36,116.37393,39.96402
1700,2008/2/7 9:42,116.34318,40.02779
1701,2008/2/7 9:46,116.34428,40.02556
1702,2008/2/7 9:50,116.35993,40.00505
1703,2008/2/7 9:54,116.37402,39.96737
1704,2008/2/7 9:57,116.3709,39.96652
1705,2008/2/7 10:01,116.37852,39.94733
1706,2008/2/7 10:05,116.41023,39.9394
1707,2008/2/7 10:09,116.41898,39.93225
1708,2008/2/7 10:12,116.4256,39.93218
1709,2008/2/7 10:16,116.46153,39.93233
1710,2008/2/7 10:19,116.44962,39.93233
1711,2008/2/7 10:23,116.44415,39.94267
1712,2008/2/7 10:26,116.44414,39.94365
1713,2008/2/7 10:29,116.43015,39.9396
1714,2008/2/7 10:32,116.42926,39.90986
1715,2008/2/7 10:36,116.42997,39.88288
1716,2008/2/7 10:40,116.42786,39.88253
1717,2008/2/7 10:43,116.42161,39.89243
1718,2008/2/7 10:48,116.40633,39.89139
1719,2008/2/7 10:51,116.3945,39.89065
1720,2008/2/7 10:55,116.3945,39.89065
1721,2008/2/7 10:59,116.3945,39.89065
1722,2008/2/7 11:02,116.3945,39.89065
1723,2008/2/7 11:07,116.3945,39.89065
1724,2008/2/7 11:10,116.36635,39.93481
1725,2008/2/7 11:14,116.36635,39.93481
1726,2008/2/7 11:18,116.36635,39.93481
1727,2008/2/7 11:22,116.36635,39.93481
1728,2008/2/7 11:26,116.36635,39.93481
1729,2008/2/7 11:31,116.36635,39.93481
1730,2008/2/7 11:35,116.36635,39.93481
1731,2008/2/7 11:39,116.36635,39.93481
1732,2008/2/7 11:48,116.36635,39.93481
1733,2008/2/7 11:53,116.36635,39.93481
1734,2008/2/7 11:56,116.36635,39.93481
1735,2008/2/7 12:00,116.36635,39.93481
1736,2008/2/7 12:04,116.3026,39.89519
1737,2008/2/7 12:08,116.33464,39.8959
1738,2008/2/7 12:11,116.33629,39.89575
1739,2008/2/7 12:15,116.33619,39.89999
1740,2008/2/7 12:19,116.33777,39.906
1741,2008/2/7 12:23,116.34687,39.91703
1742,2008/2/7 12:27,116.34971,39.93363
1743,2008/2/7 12:32,116.38697,39.94757
1744,2008/2/7 12:35,116.38863,39.96378
1745,2008/2/7 12:39,116.39321,39.97124
1746,2008/2/7 12:42,116.4012,39.96613
1747,2008/2/7 12:45,116.40164,39.95816
1748,2008/2/7 12:49,116.39752,39.95019
1749,2008/2/7 12:53,116.38879,39.96148
1750,2008/2/7 12:56,116.37486,39.97001
1751,2008/2/7 13:00,116.37326,39.97653
1752,2008/2/7 13:04,116.37237,39.97912
1753,2008/2/7 13:07,116.37481,39.97602
1754,2008/2/7 13:11,116.34509,39.96632
1755,2008/2/7 13:15,116.30298,39.95605
1756,2008/2/7 13:20,116.30406,39.89826
1757,2008/2/7 13:24,116.31384,39.89486
1758,2008/2/7 13:35,116.34988,39.93063
1759,2008/2/7 13:39,116.37319,39.95807
1760,2008/2/7 13:43,116.42014,39.968
1761,2008/2/7 13:47,116.43815,39.95414
1762,2008/2/7 13:51,116.43257,39.95356
1763,2008/2/7 13:54,116.42827,39.95527
1764,2008/2/7 13:58,116.41882,39.96435
1765,2008/2/7 14:01,116.41203,39.96791
1766,2008/2/7 14:05,116.40266,39.96375
1767,2008/2/7 14:08,116.40127,39.9742
1768,2008/2/7 14:11,116.38457,39.97565
1769,2008/2/7 14:15,116.3818,39.98521
1770,2008/2/7 14:18,116.3818,39.98521
1771,2008/2/7 14:21,116.3818,39.98521
1772,2008/2/7 14:25,116.3818,39.98521
1773,2008/2/7 14:28,116.3818,39.98521
1774,2008/2/7 14:31,116.38181,39.98509
1775,2008/2/7 14:34,116.38183,39.98509
1776,2008/2/7 14:37,116.38184,39.98508
1777,2008/2/7 14:41,116.38185,39.98508
1778,2008/2/7 14:44,116.38184,39.98507
1779,2008/2/7 14:47,116.38182,39.98507
1780,2008/2/7 14:50,116.38183,39.98508
1781,2008/2/7 14:54,116.38184,39.98509
1782,2008/2/7 14:57,116.38184,39.98509
1783,2008/2/7 15:00,116.375,39.98085
1784,2008/2/7 15:03,116.37178,39.98664
1785,2008/2/7 15:08,116.37289,39.94725
1786,2008/2/7 15:11,116.37344,39.95135
1787,2008/2/7 15:16,116.37349,39.98187
1788,2008/2/7 15:19,116.36871,39.9887
1789,2008/2/7 15:22,116.36776,39.99217
1790,2008/2/7 15:25,116.36769,39.99221
1791,2008/2/7 15:29,116.35967,39.99721
1792,2008/2/7 15:32,116.36366,40.00025
1793,2008/2/7 15:35,116.36969,40.00071
1794,2008/2/7 15:38,116.36721,40.00051
1795,2008/2/7 15:41,116.37404,39.99926
1796,2008/2/7 15:45,116.37326,39.99647
1797,2008/2/7 15:48,116.36785,39.99471
1798,2008/2/7 15:53,116.37131,39.98874
1799,2008/2/7 15:56,116.37131,39.98874
1800,2008/2/7 16:00,116.3765,39.94737
1801,2008/2/7 16:04,116.39306,39.94754
1802,2008/2/7 16:07,116.40905,39.94772
1803,2008/2/7 16:11,116.42716,39.94784
1804,2008/2/7 16:14,116.45666,39.96397
1805,2008/2/7 16:17,116.45665,39.97651
1806,2008/2/7 16:20,116.45878,39.97588
1807,2008/2/7 16:23,116.44937,39.97944
1808,2008/2/7 16:26,116.44408,39.97435
1809,2008/2/7 16:30,116.45528,39.9754
1810,2008/2/7 16:33,116.48376,39.95028
1811,2008/2/7 16:36,116.48375,39.91417
1812,2008/2/7 16:40,116.48134,39.87115
1813,2008/2/7 16:43,116.49435,39.86599
1814,2008/2/7 16:46,116.49653,39.86294
1815,2008/2/7 16:50,116.48388,39.87598
1816,2008/2/7 16:53,116.48633,39.90612
1817,2008/2/7 16:56,116.47072,39.90603
1818,2008/2/7 17:00,116.4564,39.90712
1819,2008/2/7 17:03,116.43777,39.90691
1820,2008/2/7 17:07,116.40802,39.90683
1821,2008/2/7 17:10,116.38456,39.90608
1822,2008/2/7 17:14,116.36745,39.9094
1823,2008/2/7 17:17,116.36722,39.92062
1824,2008/2/7 17:20,116.36688,39.9283
1825,2008/2/7 17:24,116.36607,39.94128
1826,2008/2/7 17:27,116.38074,39.94747
1827,2008/2/7 17:31,116.40778,39.94774
1828,2008/2/7 17:34,116.40567,39.94792
1829,2008/2/7 17:37,116.39733,39.94771
1830,2008/2/7 17:41,116.35206,39.94315
1831,2008/2/7 17:45,116.31243,39.93814
1832,2008/2/7 17:49,116.30354,39.93538
1833,2008/2/7 17:53,116.29662,39.94358
1834,2008/2/7 17:56,116.30501,39.94972
1835,2008/2/7 18:00,116.31753,39.95181
1836,2008/2/7 18:03,116.32937,39.95602
1837,2008/2/7 18:07,116.34043,39.95687
1838,2008/2/7 18:12,116.34787,39.9856
1839,2008/2/7 18:15,116.35874,39.99376
1840,2008/2/7 18:18,116.35874,39.99846
1841,2008/2/7 18:22,116.37285,40.00037
1842,2008/2/7 18:25,116.36975,40.00135
1843,2008/2/7 18:28,116.36815,39.99427
1844,2008/2/7 18:32,116.36784,39.99204
1845,2008/2/7 18:35,116.36021,40.00011
1846,2008/2/7 18:38,116.35864,40.00428
1847,2008/2/7 18:41,116.35865,40.00438
1848,2008/2/7 18:45,116.35864,40.00438
1849,2008/2/7 18:48,116.35862,40.00431
1850,2008/2/7 18:51,116.35815,40.00468
1851,2008/2/7 18:54,116.35813,40.00473
1852,2008/2/7 18:57,116.35856,40.00454
1853,2008/2/7 19:01,116.35857,40.00453
1854,2008/2/7 19:04,116.35856,40.00453
1855,2008/2/7 19:07,116.35855,40.00452
1856,2008/2/7 19:10,116.35854,40.0045
1857,2008/2/7 19:14,116.35854,40.00449
1858,2008/2/7 19:17,116.35854,40.00449
1859,2008/2/7 19:20,116.35855,40.00448
1860,2008/2/7 19:23,116.35855,40.00448
1861,2008/2/7 19:26,116.35838,40.00462
1862,2008/2/7 19:30,116.3584,40.0045
1863,2008/2/7 19:33,116.35841,40.00451
1864,2008/2/7 19:36,116.35843,40.00421
1865,2008/2/7 19:39,116.35847,40.00428
1866,2008/2/7 19:42,116.35845,40.0043
1867,2008/2/7 19:45,116.35845,40.00431
1868,2008/2/7 19:49,116.35845,40.00432
1869,2008/2/7 19:52,116.35843,40.00433
1870,2008/2/7 19:55,116.35843,40.00434
1871,2008/2/7 19:58,116.35842,40.00434
1872,2008/2/7 20:02,116.35841,40.00435
1873,2008/2/7 20:05,116.35841,40.00436
1874,2008/2/7 20:08,116.3584,40.00436
1875,2008/2/7 20:11,116.3584,40.00436
1876,2008/2/7 20:14,116.35839,40.00436
1877,2008/2/7 20:18,116.35839,40.00436
1878,2008/2/7 20:21,116.3584,40.00429
1879,2008/2/7 20:24,116.35831,40.00438
1880,2008/2/7 20:27,116.35828,40.0044
1881,2008/2/7 20:31,116.35829,40.00439
1882,2008/2/7 20:34,116.35831,40.00438
1883,2008/2/7 20:37,116.35832,40.00438
1884,2008/2/7 20:40,116.35833,40.00437
1885,2008/2/7 20:43,116.35834,40.00437
1886,2008/2/7 20:46,116.35835,40.00437
1887,2008/2/7 20:50,116.35915,40.00414
1888,2008/2/7 20:53,116.36028,40.00272
1889,2008/2/7 20:56,116.35894,39.99264
1890,2008/2/7 21:00,116.35874,39.9861
1891,2008/2/7 21:03,116.34706,39.99187
1892,2008/2/7 21:06,116.32828,39.99151
1893,2008/2/7 21:10,116.31819,39.99103
1894,2008/2/7 21:13,116.3212,39.9905
1895,2008/2/7 21:16,116.33418,39.99197
1896,2008/2/7 21:21,116.3322,39.99922
1897,2008/2/7 21:25,116.33436,39.99049
1898,2008/2/7 21:28,116.37248,39.98614
1899,2008/2/7 21:32,116.42462,39.98752
1900,2008/2/7 21:41,116.46199,40.00737
1901,2008/2/7 21:44,116.45941,40.01158
1902,2008/2/7 21:47,116.46122,40.00581
1903,2008/2/7 21:51,116.45918,40.0029
1904,2008/2/7 21:54,116.46046,40.00359
1905,2008/2/7 21:57,116.47506,40.00064
1906,2008/2/7 22:01,116.4758,40.00014
1907,2008/2/7 22:04,116.46237,39.99591
1908,2008/2/7 22:08,116.4567,39.9966
1909,2008/2/7 22:11,116.46341,40.01232
1910,2008/2/7 22:14,116.46114,40.0097
1911,2008/2/7 22:17,116.46113,39.99986
1912,2008/2/7 22:21,116.471,39.98661
1913,2008/2/7 22:30,116.5308,39.9749
1914,2008/2/7 22:33,116.51061,39.97796
1915,2008/2/7 22:36,116.50776,39.99951
1916,2008/2/7 22:39,116.53539,40.00756
1917,2008/2/7 22:43,116.54356,40.00777
1918,2008/2/7 22:46,116.51966,40.00217
1919,2008/2/7 22:52,116.51177,39.97663
1920,2008/2/7 22:55,116.50953,39.97376
1921,2008/2/7 23:07,116.43531,39.94777
1922,2008/2/7 23:11,116.40222,39.94857
1923,2008/2/7 23:14,116.38746,39.94993
1924,2008/2/7 23:18,116.38902,39.95655
1925,2008/2/7 23:22,116.42269,39.94838
1926,2008/2/7 23:25,116.42868,39.9128
1927,2008/2/7 23:29,116.44004,39.87951
1928,2008/2/7 23:33,116.40445,39.87088
1929,2008/2/7 23:37,116.38058,39.8585
1930,2008/2/7 23:41,116.38083,39.85043
1931,2008/2/7 23:44,116.37268,39.8423
1932,2008/2/7 23:49,116.38016,39.84378
1933,2008/2/7 23:52,116.38072,39.85535
1934,2008/2/7 23:56,116.38066,39.85925
1935,2008/2/8 0:01,116.38859,39.88899
1936,2008/2/8 0:05,116.41407,39.89166
1937,2008/2/8 0:09,116.41973,39.89217
1938,2008/2/8 0:12,116.4124,39.89929
1939,2008/2/8 0:16,116.40533,39.90905
1940,2008/2/8 0:19,116.38636,39.90625
1941,2008/2/8 0:23,116.35741,39.90611
1942,2008/2/8 0:26,116.34254,39.892
1943,2008/2/8 0:30,116.34286,39.8764
1944,2008/2/8 0:33,116.35785,39.86517
1945,2008/2/8 0:38,116.39318,39.86554
1946,2008/2/8 0:42,116.39427,39.84274
1947,2008/2/8 0:45,116.39787,39.8336
1948,2008/2/8 0:48,116.38038,39.83992
1949,2008/2/8 0:53,116.37733,39.85691
1950,2008/2/8 0:58,116.4016,39.87065
1951,2008/2/8 1:02,116.43869,39.88707
1952,2008/2/8 1:06,116.45564,39.90319
1953,2008/2/8 1:09,116.45595,39.90652
1954,2008/2/8 1:13,116.46096,39.91589
1955,2008/2/8 1:16,116.4721,39.91651
1956,2008/2/8 1:19,116.48961,39.92157
1957,2008/2/8 1:23,116.49835,39.92781
1958,2008/2/8 1:26,116.49595,39.93239
1959,2008/2/8 1:29,116.4702,39.93261
1960,2008/2/8 1:32,116.45391,39.93244
1961,2008/2/8 1:36,116.44997,39.93132
1962,2008/2/8 1:39,116.45088,39.93315
1963,2008/2/8 1:42,116.45088,39.93315
1964,2008/2/8 1:45,116.45425,39.95336
1965,2008/2/8 1:49,116.46998,39.96711
1966,2008/2/8 1:52,116.47511,39.96954
1967,2008/2/8 1:55,116.46314,39.96183
1968,2008/2/8 1:58,116.45923,39.95815
1969,2008/2/8 2:22,116.4343,39.92295
1970,2008/2/8 2:25,116.42894,39.90752
1971,2008/2/8 2:49,116.37596,39.88181
1972,2008/2/8 2:53,116.36837,39.8977
1973,2008/2/8 2:58,116.37042,39.89841
1974,2008/2/8 3:01,116.39841,39.89926
1975,2008/2/8 3:05,116.41256,39.89284
1976,2008/2/8 3:08,116.41251,39.88705
1977,2008/2/8 3:11,116.3884,39.88216
1978,2008/2/8 3:16,116.37862,39.88643
1979,2008/2/8 3:19,116.35924,39.88811
1980,2008/2/8 3:23,116.35726,39.90317
1981,2008/2/8 3:27,116.35866,39.92104
1982,2008/2/8 3:30,116.36242,39.93681
1983,2008/2/8 3:35,116.37372,39.93387
1984,2008/2/8 3:38,116.37376,39.94703
1985,2008/2/8 3:43,116.37023,39.99243
1986,2008/2/8 3:46,116.36446,40.00021
1987,2008/2/8 3:51,116.3597,39.99224
1988,2008/2/8 3:54,116.36282,39.98957
1989,2008/2/8 3:58,116.37312,39.97838
1990,2008/2/8 4:01,116.36539,39.97534
1991,2008/2/8 4:05,116.37935,39.97534
1992,2008/2/8 4:09,116.40017,39.97378
1993,2008/2/8 4:12,116.40149,39.96068
1994,2008/2/8 4:16,116.41081,39.94782
1995,2008/2/8 4:20,116.42872,39.91531
1996,2008/2/8 4:24,116.44977,39.89151
1997,2008/2/8 4:28,116.44655,39.88329
1998,2008/2/8 4:31,116.42518,39.88519
1999,2008/2/8 4:34,116.4164,39.88594
2000,2008/2/8 4:38,116.41232,39.90157
2001,2008/2/8 4:41,116.40057,39.90758
2002,2008/2/8 4:45,116.40483,39.91943
2003,2008/2/8 4:49,116.43439,39.92151
2004,2008/2/8 4:52,116.4441,39.92076
2005,2008/2/8 4:56,116.45444,39.8955
2006,2008/2/8 5:02,116.42721,39.85717
2007,2008/2/8 5:05,116.41585,39.859
2008,2008/2/8 5:09,116.40734,39.869
2009,2008/2/8 5:13,116.39296,39.87936
2010,2008/2/8 5:17,116.37865,39.88726
2011,2008/2/8 5:20,116.36825,39.89801
2012,2008/2/8 5:25,116.36758,39.92109
2013,2008/2/8 5:29,116.36638,39.94015
2014,2008/2/8 5:32,116.36665,39.9375
2015,2008/2/8 5:36,116.36452,39.96057
2016,2008/2/8 5:39,116.37372,39.9633
2017,2008/2/8 5:43,116.34932,39.93842
2018,2008/2/8 5:47,116.34503,39.92006
2019,2008/2/8 5:51,116.34942,39.939
2020,2008/2/8 5:56,116.35987,39.96662
2021,2008/2/8 6:00,116.3729,39.97541
2022,2008/2/8 6:05,116.42014,39.98753
2023,2008/2/8 6:08,116.46313,39.97
2024,2008/2/8 6:12,116.49878,40.00186
2025,2008/2/8 6:15,116.55308,40.02896
2026,2008/2/8 6:19,116.5841,40.05616
2027,2008/2/8 6:22,116.58517,40.07976
2028,2008/2/8 6:25,116.58162,40.06822
2029,2008/2/8 6:29,116.56191,40.06136
2030,2008/2/8 6:32,116.5304,40.04671
2031,2008/2/8 6:35,116.50451,40.03284
2032,2008/2/8 6:39,116.49145,40.02149
2033,2008/2/8 6:42,116.46474,40.0187
2034,2008/2/8 6:45,116.46197,40.01005
2035,2008/2/8 6:48,116.46711,40.00713
2036,2008/2/8 6:52,116.4605,39.99599
2037,2008/2/8 6:55,116.46576,39.99403
2038,2008/2/8 6:58,116.47288,39.99798
2039,2008/2/8 7:02,116.48155,40.00406
2040,2008/2/8 7:05,116.4937,40.00641
2041,2008/2/8 7:08,116.48923,40.00431
2042,2008/2/8 7:11,116.48924,40.00429
2043,2008/2/8 7:15,116.48923,40.00432
2044,2008/2/8 7:18,116.48921,40.00435
2045,2008/2/8 7:21,116.48102,40.00534
2046,2008/2/8 7:24,116.46558,40.01044
2047,2008/2/8 7:27,116.46186,39.99496
2048,2008/2/8 7:31,116.46289,39.98471
2049,2008/2/8 7:34,116.45444,39.96297
2050,2008/2/8 7:37,116.43531,39.94809
2051,2008/2/8 7:41,116.41533,39.94819
2052,2008/2/8 7:44,116.41912,39.94832
2053,2008/2/8 7:48,116.42699,39.94573
2054,2008/2/8 7:52,116.44333,39.90245
2055,2008/2/8 7:56,116.46981,39.90385
2056,2008/2/8 8:00,116.48725,39.89787
2057,2008/2/8 8:03,116.47188,39.89197
2058,2008/2/8 8:06,116.45902,39.8924
2059,2008/2/8 8:10,116.45569,39.93633
2060,2008/2/8 8:14,116.42871,39.96825
2061,2008/2/8 8:18,116.37493,39.97083
2062,2008/2/8 8:22,116.36795,39.99192
2063,2008/2/8 8:25,116.36793,39.99193
2064,2008/2/8 8:28,116.36277,40.00017
2065,2008/2/8 8:32,116.3585,40.00436
2066,2008/2/8 8:35,116.3585,40.00433
2067,2008/2/8 8:38,116.35847,40.00431
2068,2008/2/8 8:42,116.35849,40.00431
2069,2008/2/8 8:45,116.35846,40.0043
2070,2008/2/8 8:48,116.35849,40.00431
2071,2008/2/8 8:51,116.36173,40.00256
2072,2008/2/8 8:55,116.36637,39.99266
2073,2008/2/8 8:58,116.36299,39.98944
2074,2008/2/8 9:01,116.35427,39.99222
2075,2008/2/8 9:06,116.33251,39.99167
2076,2008/2/8 9:09,116.34674,39.9852
2077,2008/2/8 9:13,116.36125,40.00363
2078,2008/2/8 9:18,116.38912,40.02105
2079,2008/2/8 9:22,116.41132,40.03364
2080,2008/2/8 9:25,116.40563,40.04924
2081,2008/2/8 9:29,116.40791,40.05233
2082,2008/2/8 9:32,116.40996,40.05649
2083,2008/2/8 9:36,116.40568,40.04701
2084,2008/2/8 9:39,116.39545,40.04586
2085,2008/2/8 9:45,116.40588,40.04631
2086,2008/2/8 9:50,116.41134,40.02221
2087,2008/2/8 9:54,116.40692,40.00172
2088,2008/2/8 9:57,116.39404,40.00768
2089,2008/2/8 10:00,116.3691,40.00651
2090,2008/2/8 10:03,116.3708,40.0003
2091,2008/2/8 10:06,116.37369,39.99623
2092,2008/2/8 10:10,116.37106,39.98881
2093,2008/2/8 10:14,116.42872,39.98767
2094,2008/2/8 10:17,116.45168,39.98306
2095,2008/2/8 10:20,116.4653,39.9833
2096,2008/2/8 10:24,116.47267,39.98578
2097,2008/2/8 10:27,116.46781,39.98357
2098,2008/2/8 10:39,116.48586,39.96381
2099,2008/2/8 10:42,116.48205,39.95695
2100,2008/2/8 10:46,116.48356,39.92418
2101,2008/2/8 10:49,116.47163,39.90525
2102,2008/2/8 10:52,116.47189,39.90113
2103,2008/2/8 10:55,116.4716,39.90642
2104,2008/2/8 10:59,116.46262,39.90736
2105,2008/2/8 11:02,116.45499,39.91274
2106,2008/2/8 11:05,116.44421,39.91761
2107,2008/2/8 11:08,116.43481,39.92296
2108,2008/2/8 11:12,116.4272,39.94691
2109,2008/2/8 11:16,116.37757,39.94773
2110,2008/2/8 11:19,116.37628,39.9588
2111,2008/2/8 11:22,116.37571,39.95336
2112,2008/2/8 11:26,116.38739,39.95021
2113,2008/2/8 11:29,116.38128,39.95431
2114,2008/2/8 11:32,116.38256,39.95005
2115,2008/2/8 11:36,116.37482,39.95677
2116,2008/2/8 11:39,116.37444,39.95661
2117,2008/2/8 11:42,116.36751,39.95668
2118,2008/2/8 11:46,116.36562,39.94786
2119,2008/2/8 11:50,116.36686,39.93012
2120,2008/2/8 11:53,116.36735,39.91746
2121,2008/2/8 11:56,116.3671,39.90794
2122,2008/2/8 12:01,116.35313,39.9066
2123,2008/2/8 12:05,116.34296,39.91272
2124,2008/2/8 12:08,116.32919,39.91267
2125,2008/2/8 12:12,116.31487,39.90953
2126,2008/2/8 12:15,116.31645,39.89698
2127,2008/2/8 12:19,116.31123,39.90629
2128,2008/2/8 12:23,116.30243,39.89586
2129,2008/2/8 12:27,116.25406,39.89581
2130,2008/2/8 12:31,116.22936,39.89209
2131,2008/2/8 12:34,116.22367,39.89533
2132,2008/2/8 12:37,116.22366,39.89373
2133,2008/2/8 12:41,116.22382,39.89544
2134,2008/2/8 12:44,116.23031,39.90237
2135,2008/2/8 12:48,116.22535,39.91635
2136,2008/2/8 12:56,116.24627,39.92833
2137,2008/2/8 12:59,116.25537,39.92315
2138,2008/2/8 13:03,116.26367,39.92326
2139,2008/2/8 13:07,116.26781,39.90193
2140,2008/2/8 13:12,116.31468,39.89568
2141,2008/2/8 13:16,116.333,39.89607
2142,2008/2/8 13:19,116.35123,39.89766
2143,2008/2/8 13:22,116.36812,39.89778
2144,2008/2/8 13:26,116.3683,39.89585
2145,2008/2/8 13:29,116.35877,39.89866
2146,2008/2/8 13:33,116.35059,39.91141
2147,2008/2/8 13:36,116.34372,39.92232
2148,2008/2/8 13:40,116.33693,39.9268
2149,2008/2/8 13:44,116.34821,39.92249
2150,2008/2/8 13:47,116.35031,39.91457
2151,2008/2/8 13:58,116.33574,39.87728
2152,2008/2/8 14:08,116.36137,39.88513
2153,2008/2/8 14:11,116.35141,39.88808
2154,2008/2/8 14:15,116.33629,39.89751
2155,2008/2/8 14:18,116.33685,39.90266
2156,2008/2/8 14:21,116.36618,39.90573
2157,2008/2/8 14:25,116.36799,39.90704
2158,2008/2/8 14:28,116.36742,39.91737
2159,2008/2/8 14:37,116.35305,39.93096
2160,2008/2/8 14:40,116.35371,39.93669
2161,2008/2/8 14:43,116.35246,39.93873
2162,2008/2/8 14:47,116.35144,39.93937
2163,2008/2/8 14:50,116.35144,39.93937
2164,2008/2/8 14:53,116.35144,39.93937
2165,2008/2/8 14:56,116.35144,39.93938
2166,2008/2/8 15:00,116.35074,39.93934
2167,2008/2/8 15:07,116.34931,39.93757
2168,2008/2/8 15:18,116.31383,39.88292
2169,2008/2/8 15:21,116.3192,39.8833
2170,2008/2/8 15:28,116.31941,39.88325
2171,2008/2/8 15:32,116.305,39.88179
2172,2008/2/8 15:37,116.3057,39.89604
2173,2008/2/8 15:46,116.24736,39.89863
2174,2008/2/8 15:56,116.25883,39.92298
2175,2008/2/8 15:59,116.2643,39.9277
2176,2008/2/8 16:02,116.27742,39.92677
2177,2008/2/8 16:06,116.29504,39.93113
2178,2008/2/8 16:09,116.29656,39.93282
2179,2008/2/8 16:13,116.29063,39.91987
2180,2008/2/8 16:17,116.29612,39.9086
2181,2008/2/8 16:20,116.29623,39.91141
2182,2008/2/8 16:23,116.2974,39.92266
2183,2008/2/8 16:27,116.29544,39.92703
2184,2008/2/8 16:30,116.2955,39.93935
2185,2008/2/8 16:34,116.30434,39.94167
2186,2008/2/8 16:37,116.31201,39.95184
2187,2008/2/8 16:40,116.31103,39.95229
2188,2008/2/8 16:44,116.31826,39.94522
2189,2008/2/8 16:49,116.33026,39.93698
2190,2008/2/8 16:52,116.30541,39.9404
2191,2008/2/8 16:56,116.30411,39.90942
2192,2008/2/8 17:00,116.29904,39.89552
2193,2008/2/8 17:03,116.30433,39.89948
2194,2008/2/8 17:07,116.30411,39.93158
2195,2008/2/8 17:10,116.33126,39.93691
2196,2008/2/8 17:14,116.34609,39.93924
2197,2008/2/8 17:17,116.34459,39.93868
2198,2008/2/8 17:20,116.30803,39.93965
2199,2008/2/8 17:26,116.30413,39.89852
2200,2008/2/8 17:30,116.31372,39.89521
2201,2008/2/8 17:33,116.31372,39.89521
2202,2008/2/8 17:36,116.31777,39.89572
